"Team","Year","Active.Payroll","Retained","Average.Age","Payroll.Percent.Change","Top1_Percent","Median_Exp","Player_Group_Payroll_OutField","Player_Group_Payroll_Pitcher","Wins"
"cincinnati-reds",2015,-0.514578348203711,0.165153641695649,-0.465107591610434,-0.332959829392534,-0.818464303015891,-0.466352289815434,0.211225410838337,-0.309808426663305,-1.32586141743019
"cincinnati-reds",2016,-0.611834203827264,-0.440404489814606,-0.886867624305032,-1.26007224892298,1.17323654119877,-2.16574298670284,-0.701612127646751,-0.981013390223411,-1.01358787456145
"cleveland-guardians",2019,-0.195549169918118,-0.118337149742231,-0.254227575263132,-1.45467406371551,0.107414911071784,-0.421467755195761,-0.889528134333573,-0.77359647783594,0.938121768368168
"miami-marlins",2019,-0.553022592857757,-0.798438108917494,-0.465107591610434,-1.09622119260003,1.93999775030985,-1.35871016621447,-1.23069572990012,-0.882848208053317,-1.87234011745048
"detroit-tigers",2015,0.34980797929547,0.430931516288323,-0.465107591610434,-0.557853436110316,0.128502184385193,-1.32138045425355,-0.637573924334903,0.79182592247107,-0.467109174541155
"los-angeles-angels",2016,-0.068844543775717,1.4706773481046,-0.148787567089484,0.699255928787656,-0.288302420853033,-0.413468531204136,1.69090199484195,0.677391591459935,-0.545177560258339
"los-angeles-angels",2017,0.335340038649598,1.34440920028266,1.11649253099431,-0.50599021660193,-0.142072088596617,0.918402263401398,4.04561536060329,-0.396984616674098,-0.0767672459552316
"minnesota-twins",2014,-0.437496031203571,-0.168609924348643,-0.886867624305032,0.0580796663698146,1.90669170452657,-0.431688985851726,-0.885396676243145,-0.598620721424977,-0.857451103127078
"minnesota-twins",2015,0.173917557909037,-0.860270449345764,0.272972465605117,0.701550761509266,0.984675529258592,-0.402358497882435,-0.521006946720462,-0.324266228378453,0.157437911196322
"texas-rangers",2021,-1.42420886977585,2.47828842633312,-0.886867624305032,-1.85764668963023,0.171787978094328,-1.33871210623541,-1.26303075650688,-0.823288872871342,-1.63813496029892
"texas-rangers",2022,0.154952839841873,0.723428090139438,-0.675987607957733,2.30747470009196,1.06045671572373,-0.502793199110613,-0.50378859265054,-0.713783153255206,-1.01358787456145
"new-york-yankees",2012,2.51468413769296,-0.375064721081674,2.69809265359906,0.0268699413559183,-0.65375711694017,3.96521780154472,1.37863620128089,0.932080130128788,1.09425853980254
"pittsburgh-pirates",2012,-0.733900921955679,-0.906661832739108,0.378412473778764,0.914970204618998,2.04650965185845,0.375343834636646,-1.07992584637944,-0.429803379569083,-0.154835631672416
"new-york-yankees",2013,2.68431975134823,-0.446624470253338,2.06545260455716,-0.109902088852039,-0.837615549202348,3.02753098919314,1.73260795966985,0.83756293919776,0.313574682630691
"pittsburgh-pirates",2013,-0.528819791459358,-1.04962857540359,0.378412473778764,0.486295452222245,1.27503876897942,0.433116007909491,-0.876326050771564,-0.743783723442317,1.01619015408535
"philadelphia-phillies",2014,1.08505722760763,-0.841215104662063,1.32737254734161,0.0319185733434603,-0.460138002905558,1.29303258700916,-0.628927303402596,1.09513304048343,-0.623245945975524
"pittsburgh-pirates",2015,-0.233809391961942,-0.932562575446058,1.22193253916796,1.04761153592806,-0.96237583051604,1.26770171103568,-0.685144745843438,-0.445214533614769,1.32846369695409
"washington-nationals",2015,1.10355730996741,-0.978709246064029,0.167532457431466,0.425252901827419,-0.708279156549029,0.449558857225609,1.60032311284135,1.07003925746426,0.157437911196322
"washington-nationals",2016,0.548770238046141,-0.23723463866194,0.694732498299714,-1.01406618116639,-0.134005922113583,2.17605803541797,0.40781926286,0.667230199479027,1.09425853980254
"washington-nationals",2017,1.02610116900711,-0.738631375602328,1.32737254734161,0.379356247395218,-0.617485386825,1.391245281573,0.468916724017034,0.22440990986335,1.25039531123691
"new-york-yankees",2018,1.14530246671164,-0.538395466026829,-0.359667583436783,-0.92732150428953,-0.538863698406652,-0.441021413841955,0.852549887813752,1.82189808944138,1.48460046838846
"washington-nationals",2018,0.309665264988191,1.39988921250909,-0.465107591610434,-0.316437033796941,-0.584162565241574,0.41533995459477,-0.814652651701956,0.250240427811889,0.0793695254791376
"toronto-blue-jays",2020,-1.24429563193419,-0.209341148015744,-0.254227575263132,0.506948946716735,-0.259931948179791,-1.36226537687741,-0.354605822663478,0.437357750452584,0.391643068347876
"los-angeles-dodgers",2012,0.413924473323899,-0.842049096004493,1.22193253916796,-0.21087472860288,-0.752347486136066,2.64801225092383,1.24246004501885,-0.449200943744152,0.391643068347876
"los-angeles-dodgers",2013,2.39365481808382,0.269278289869611,1.32737254734161,4.38751107895929,-1.45490586415439,3.93322090557822,2.71782207662043,1.70326627457196,0.860053382650984
"los-angeles-dodgers",2014,2.97169691550449,-0.917971401593124,1.11649253099431,-0.183795702487882,-1.15960390103263,3.11818886109823,2.90044040647507,1.57771840993643,1.01619015408535
"los-angeles-dodgers",2015,2.22942864721113,3.17115508344574,0.483852481952415,0.835110025906969,-1.14731455504208,1.38191285358277,3.59660661171713,2.73901777448806,0.860053382650984
"los-angeles-dodgers",2016,2.10224052622523,2.09783549703051,0.694732498299714,-0.824054031817079,-0.720390163673161,0.479333746527768,3.265393444528,2.54957660177762,0.781984996933799
"philadelphia-phillies",2016,-0.820160044519204,0.230528516902685,-1.09774764065233,-1.51663454719898,1.46798790140876,-0.472129507142718,-1.15147428007124,-0.284114174728124,-0.779382717409893
"miami-marlins",2017,-0.432909276510101,-0.263046218213207,1.11649253099431,1.66033187259793,-0.516747204626363,0.377121439968118,-1.13454741722253,-0.253461107942096,-0.310972403106785
"san-diego-padres",2018,-0.89395014883155,1.60139976648866,-2.04670771421518,1.32023766325533,0.707705795497823,-0.527679673751224,-1.18476031820636,-0.614986565928992,-1.16972464599582
"oakland-athletics",2012,-0.761525071055733,-0.865624004433119,-0.675987607957733,-1.21279869485782,-0.748820168155528,0.361122991984868,-0.381702955745335,-1.13352010127675,1.01619015408535
"oakland-athletics",2013,-0.585091218655395,-0.979645216247325,0.167532457431466,0.20816172636311,-0.717656107265685,0.433116007909491,0.465883514475046,-1.36279705157613,1.17232692551972
"oakland-athletics",2014,-0.5684248952162,0.27280837339026,1.32737254734161,1.47628628832481,-0.505786836500355,1.34058352962604,0.437852441743443,-0.236763216584863,0.547779839782245
"oakland-athletics",2015,-1.06842171229185,0.689643271530942,0.0620924492578144,-0.909880775605294,-0.577457739807884,-0.0290613782732764,-0.183789745788191,-0.940018730247321,-1.01358787456145
"texas-rangers",2016,0.868127344164188,-0.696100671817088,-0.254227575263132,0.0172316439251562,-0.554530330891199,0.391342282619895,-0.531357582303194,0.0757263573489206,1.09425853980254
"texas-rangers",2017,0.693733720673477,0.956216022294207,0.483852481952415,-0.281096609884147,-0.560843359467025,-0.416579340534213,-0.42143220011451,0.389875146022862,-0.232904017389601
"atlanta-braves",2017,-0.258647458353408,0.177616804429701,-0.570547599784082,0.144824343246674,0.752771678593505,-0.48323954046442,0.932165323599792,-0.689906142580233,-0.701314331692708
"atlanta-braves",2018,-0.40355131773848,1.47467177244623,-0.78142761613138,0.826389661564851,0.0928184244480243,-0.452575848496524,-0.233661082271149,0.343677622175041,0.703916611216614
"atlanta-braves",2019,0.514187046859043,-0.0195429155368805,0.905612514647013,0.167772670462774,-0.125554296308098,0.427783191915075,-0.276193668731145,1.15380949806518,1.25039531123691
"atlanta-braves",2020,-0.889826486066624,-1.0394298409871,1.32737254734161,-0.0690540664073808,-0.328732686763663,0.494443391845282,-0.471346184561903,0.316878936909709,1.01619015408535
"atlanta-braves",2021,0.464032676425423,-0.0229708380031294,0.378412473778764,-0.236117888540591,-0.383342804983913,1.25614727638111,0.114031842246684,-0.0139238397858546,0.62584822549943
"atlanta-braves",2022,1.05398801085265,-0.449624676818823,1.22193253916796,0.525307608489616,-1.08419987276706,1.3050314229966,1.11843284683988,0.797223037893757,1.56266885410564
"atlanta-braves",2023,1.35758620169998,-0.404864894141501,0.694732498299714,0.379356247395218,-1.26802575047116,1.31258624565535,0.7769301601242,1.17648471068314,1.7968740112572
"chicago-white-sox",2012,0.313099588776861,-1.05637405967269,0.0620924492578144,-0.956236396581816,-0.18271730226111,-0.418356945865685,-0.360517896733309,-0.212580634870816,0.313574682630691
"texas-rangers",2013,0.647781516245034,-0.304276221059102,0.694732498299714,-0.304044937100247,-0.988672368202527,1.3285846936386,-0.296057973594569,-0.374704279195158,0.703916611216614
"boston-red-sox",2014,0.0481167725542837,2.6289810228143,-0.148787567089484,-0.413278974648885,-1.42097353947999,0.490888181182337,0.65499061788288,0.536926118912206,-0.779382717409893
"st-louis-cardinals",2014,0.449136545769938,-0.75398614563595,-0.359667583436783,-0.248051018692963,-0.0991998280469638,-0.480128731134343,0.123146194574658,0.242017218355325,0.703916611216614
"atlanta-braves",2015,-0.793040231277,1.5909661588276,-0.992307632478683,-0.525266811463454,-1.01939631490577,-0.527679673751224,1.44269071490057,-1.04157485567992,-1.09165626027863
"atlanta-braves",2016,-0.963697304978102,1.40517079325075,-1.20318764882598,-0.905291110162074,1.13586311003522,-0.902309997358987,2.00208692905436,-1.08490155379343,-1.01358787456145
"arizona-diamondbacks",2012,-0.397150163945568,-0.593837031197715,0.800172506473365,0.925526435138404,-1.4812429925902,1.31569705498543,-0.0162865018645677,-1.0850134149047,0.001301139761953
"arizona-diamondbacks",2013,-0.31262528915301,-0.497862976586838,0.378412473778764,0.0374261718753244,-1.04319164554665,2.16628120609487,-0.494961098654779,-0.766889016704253,0.001301139761953
"arizona-diamondbacks",2014,-0.516038074545373,0.608630102032293,-0.886867624305032,0.645097876557659,-1.23618715015261,-0.0343941942676928,-0.432512420517402,-0.532599630861846,-1.32586141743019
"arizona-diamondbacks",2015,-1.0007190200158,0.750195197459921,-1.94126770604153,-1.56757983361873,-0.194408957304028,-1.36315417954315,-0.408086243136765,-0.833955631114557,-0.154835631672416
"arizona-diamondbacks",2016,-0.298085395896022,-0.0400003326223483,-1.94126770604153,0.969128256848994,3.57260273453458,-0.918308445342237,-0.572485514898839,-0.080852850055009,-0.935519488844262
"arizona-diamondbacks",2017,-0.239217937683849,-1.00469799790762,0.483852481952415,-0.0690540664073808,3.25596761666416,-0.411246524539796,-0.250192372556881,-0.109391866092766,0.938121768368168
"arizona-diamondbacks",2018,0.308549279781164,-0.758195338995629,1.11649253099431,1.45746866000761,1.4538572061675,0.467779311873199,0.00170287916952639,0.568719652898178,0.0793695254791376
"los-angeles-dodgers",2019,1.3410659948419,1.44915732243011,0.483852481952415,-0.120917285915767,-0.323115847769202,-0.421467755195761,-0.316387725141278,2.12681350961748,1.95301078269157
"los-angeles-dodgers",2020,0.0219974948960522,-0.0726506290339723,0.167532457431466,-0.32286256541745,-0.302756854376999,0.385120663959743,0.530130007398912,0.930908917849842,2.73369463986341
"los-angeles-dodgers",2021,1.70128634274844,-0.726615547092804,0.800172506473365,1.04256290394052,-0.897923775850614,1.27392332969583,0.729970499177438,3.3605937447819,1.95301078269157
"chicago-white-sox",2022,1.2848037468714,0.436877386834958,1.85457258820986,1.73652031895539,-1.36740288740287,1.27259012569723,-0.0112304968308477,0.815048907258221,0.001301139761953
"los-angeles-dodgers",2022,2.87669410078999,-0.776278149313662,1.74913258003621,-0.204449196982372,-0.94222033267896,1.77743003983533,-0.106426846016583,2.15593206242937,2.34335271127749
"san-francisco-giants",2023,0.781367077609875,-0.17259712088678,0.272972465605117,0.413319771675046,-1.20822951464037,0.479333746527768,1.00908321217107,0.586287582200882,-0.154835631672416
"seattle-mariners",2023,-0.437360429008078,0.392219643736348,-1.09774764065233,0.188885131501586,-0.0402978828177872,-0.476129119138531,0.169870530146233,-0.386621963901424,0.547779839782245
"oakland-athletics",2019,-0.20032403614955,-0.257720359582931,0.694732498299714,0.755708813739262,0.0220397200585366,-0.388137655230658,-0.341142837640467,-0.170988437115786,1.25039531123691
"oakland-athletics",2020,-1.20639329537708,-1.09331256937964,1.53825256368891,0.147119175968284,-0.219960668045704,0.488666174517997,-0.312569272646972,-0.433759331361134,1.25039531123691
"oakland-athletics",2022,-1.62544402994174,0.294722041034762,-0.78142761613138,-2.42171657260198,-0.189452509815877,-1.32404686225076,-0.488904579991117,-1.42310889247928,-1.63813496029892
"miami-marlins",2023,-0.524238273096821,-0.450380255604041,0.905612514647013,0.95214649470908,0.277065052497973,-0.417468143199949,-1.34350340368522,-0.476533956180404,0.235506296913507
"miami-marlins",2012,-0.257970052370357,-0.0524589400180647,-0.570547599784082,2.04632273637274,0.541916257808856,-1.29293876895,-1.10789243945052,-0.206406927426712,-0.935519488844262
"miami-marlins",2013,-1.38923796061903,-0.681296308130061,-1.73038768969423,-3.1877317350754,0.00903625127245548,-0.466352289815434,-1.10230758696496,-1.45424961126448,-1.48199818886455
"miami-marlins",2014,-1.05591848056366,-0.617949773239131,-1.09774764065233,1.52723157474455,-0.740962245536008,0.401119111942992,-1.19223221618972,-1.44560686688533,-0.310972403106785
"miami-marlins",2015,-1.35477820915358,0.0859577485035696,-0.78142761613138,0.891103944314254,0.134687151318292,-0.445465427170635,-0.810972551235134,-0.909360756992727,-0.779382717409893
"miami-marlins",2016,-0.673202062214937,-0.490828926818662,0.167532457431466,0.72771185453562,-0.104589653718896,0.361122991984868,-1.15932493259589,-0.543083033737542,-0.0767672459552316
"new-york-mets",2017,-0.925746923520041,1.95313699694447,-1.30862765699963,-0.408230342661343,-0.194928477936889,-0.404136103213907,1.67625692501899,-0.562335092445461,-0.857451103127078
"new-york-mets",2018,-0.218138513808918,-0.170029732200995,0.0620924492578144,-0.0942972263450911,0.531099539947749,-0.478351125802871,1.59398316291405,-0.275377187920283,-0.310972403106785
"colorado-rockies",2020,-1.44304096889583,0.773690053409535,0.589292490126063,-0.622567718859719,1.46118880112452,0.412229145264693,-1.07812771427178,-0.453735094182549,-0.857451103127078
"los-angeles-angels",2021,-1.23386394279184,1.73403232934348,0.905612514647013,0.459216426107247,0.709827734232155,-0.416579340534213,3.57743774791662,-0.277137399448457,-0.310972403106785
"houston-astros",2016,-0.36862768159319,-0.131077155571381,-1.09774764065233,0.74377568358689,-0.155298826911178,-1.28760595295558,0.221327837806625,-0.484329920549494,0.235506296913507
"houston-astros",2017,0.814852162217876,-0.90067095544972,0.272972465605117,1.47904008759074,0.71447363807052,-0.859647469403654,0.464379919871773,0.915520257095115,1.56266885410564
"houston-astros",2019,1.25710931411033,-0.992225420807672,0.694732498299714,-0.195728832640254,0.793761871841373,-0.0237285622788597,1.29807901974447,2.07558360575051,2.03107916840875
"pittsburgh-pirates",2016,-0.746856439160533,0.798950862187139,0.167532457431466,-0.287981108048977,-0.658919776313174,0.433116007909491,-0.307291142798485,-0.245221809091857,-0.232904017389601
"pittsburgh-pirates",2017,-0.55524327699677,-0.226712293010111,-0.148787567089484,-0.246215152515675,-0.488419375916978,-0.00595250896413783,-0.894491418123186,-0.477166094120791,-0.467109174541155
"philadelphia-phillies",2015,-0.840967158323709,2.04115597311362,-0.465107591610434,-1.16552514079265,0.202087422301296,-0.404136103213907,-0.581855437692259,0.347315896057531,-1.40392980314737
"philadelphia-phillies",2017,-1.45982213696367,2.79855434267633,-2.67934776325708,-0.286145241871689,-0.716897438226948,-1.26538588631218,-0.420035352350792,-0.00472370146148683,-1.16972464599582
"philadelphia-phillies",2018,0.0814618948346597,-0.678865701070024,-0.886867624305032,-0.279260743706859,2.39487562439306,-0.4876835537931,-1.03306810899053,0.0153699440462562,-0.0767672459552316
"philadelphia-phillies",2019,-0.217129237098806,-0.887571320843458,-0.359667583436783,2.14362364376901,-0.188139874903486,0.433116007909491,0.446938298630894,1.02815662225826,0.001301139761953
"san-francisco-giants",2019,0.915996963636894,0.797380849645411,-0.0433475589158331,-0.896111779275634,-0.827162105865592,-1.36670939020609,-0.802286963263893,1.07736327690563,-0.310972403106785
"milwaukee-brewers",2021,-0.274832373136729,-0.476610501117246,1.11649253099431,0.577629794542324,-0.101457320544146,0.00915713635337565,0.86905014408965,-1.14513511422083,1.09425853980254
"milwaukee-brewers",2022,0.0131755915710854,0.51228414959972,0.694732498299714,1.15822247310966,0.64409301351796,0.411784743931825,1.88632213934239,-0.392788439083422,0.391643068347876
"milwaukee-brewers",2023,-0.141275976674857,-0.274753862899885,1.11649253099431,-0.482123956297185,0.813919555323435,0.431338402578019,1.02645216686541,-0.374339002168469,0.860053382650984
"washington-nationals",2014,1.03841416128597,-1.09188741659698,0.589292490126063,0.759380546093838,-0.44496779617861,0.877517340777538,1.22683229501535,0.00383923315300044,1.17232692551972
"washington-nationals",2019,0.526569822113889,-0.246051404903181,1.43281255551526,-0.993412686671899,2.47661675186625,0.457558081217234,-0.60143516893585,1.04605360355675,0.938121768368168
"washington-nationals",2020,-1.36119463383989,-0.666693108183921,1.53825256368891,0.355489987090474,1.21062244993123,0.905959026081092,-0.520581736360766,0.956139062462932,-0.857451103127078
"kansas-city-royals",2015,0.388643509300078,-0.854343529006604,1.01105252282066,1.0108942123823,-1.09411543583448,1.30547582432947,0.392751076997019,0.0258709656045305,1.09425853980254
"chicago-cubs",2016,1.42418409073466,0.0788936942402255,0.272972465605117,1.48087595376803,-0.602011478969328,-0.365028785921519,0.800201986574611,1.69305944996654,1.7968740112572
"milwaukee-brewers",2018,-0.0672312948868815,-0.408796940716858,0.905612514647013,2.37356588247433,0.342354865871767,0.425116783917867,0.581249368019694,-0.579272572397609,1.09425853980254
"baltimore-orioles",2019,-0.840940329950878,-0.56043953782341,-1.41406766517328,-2.30100837144529,2.38859407032899,-1.40403910216701,-1.28326442320514,-0.89140572643627,-2.10654527460203
"chicago-white-sox",2017,-1.263627685918,1.62444467648643,-1.62494768152058,-1.85626978999727,1.56672791640242,-1.30093799294162,-0.528270047377937,-0.242046718586079,-1.09165626027863
"chicago-white-sox",2018,-0.747897926607543,-0.633630705497562,-1.09774764065233,-1.0246224116858,2.48709576512386,-1.35026654088998,-1.30748745157661,-0.499859339603734,-1.48199818886455
"chicago-white-sox",2019,-0.537842010519881,-0.305691595048807,-0.359667583436783,0.956277193607978,0.179874333076344,-1.30360440093883,-1.11737501125715,-0.716454725389437,-0.701314331692708
"chicago-white-sox",2020,-1.04470428330581,-0.62566190030298,-0.570547599784082,1.36475741805456,-0.38211748037812,0.452225265222818,-0.871297779607574,-0.445458136593056,1.01619015408535
"chicago-white-sox",2021,0.682555593599633,-0.486784758182411,0.167532457431466,0.320149563177679,-0.722442440409363,0.442004034566853,-0.535179588794536,0.296210820397323,0.938121768368168
"chicago-white-sox",2023,-0.163117130236559,1.25717872281043,0.0620924492578144,-1.20270143088273,-1.06630180434678,0.383787459961138,-0.222096629772066,0.339136112033795,-1.56006657458174
"cleveland-guardians",2020,-1.22334993268589,-0.901618283609933,-0.0433475589158331,-3.25106911819184,1.05340832190408,-0.417912544532817,-1.35980146291545,-1.7268545022246,1.01619015408535
"cleveland-guardians",2021,-1.19808117285966,-0.379011466215393,-1.30862765699963,1.24680301616381,0.381694089495923,-0.413024129871268,-1.06324294004157,-1.62929297498907,-0.0767672459552316
"cleveland-guardians",2022,-0.763620771694255,-0.819587512265018,-2.36302773873613,1.1403227778811,3.24843648611941,-0.420134551197157,-1.25901677071134,-1.45512095547756,0.860053382650984
"cleveland-guardians",2023,-0.797541473139806,0.74608798294111,-1.62494768152058,1.46068142581786,-0.270970696549898,-0.381916036570505,-1.10734899522514,-0.981953170114928,-0.38904078882397
"tampa-bay-rays",2023,-0.842127516741476,-0.92062358030979,-0.359667583436783,-1.17791723748934,-0.542694255185308,-0.40813571520972,-0.592112273138927,-0.636053476383206,1.40653208267128
"boston-red-sox",2012,1.52878445333236,-0.685723793302768,0.694732498299714,-0.218218193312032,-0.787819700003383,1.34280553629038,1.22388768154234,0.444132149833993,-0.935519488844262
"kansas-city-royals",2012,-0.557565475025516,-0.943527760721924,-1.51950767334693,1.31886076362236,-0.893273434311589,-0.454797855160865,-0.464842687306698,-0.989364295303436,-0.701314331692708
"kansas-city-royals",2013,-0.344572540554745,-0.711483199045634,0.378412473778764,0.625362315151813,-0.238875466452367,0.374899433303777,-0.220453033071257,-0.491526116926658,0.391643068347876
"kansas-city-royals",2014,-0.0537126113332094,-0.815539942309477,0.905612514647013,0.478493020968771,-0.575103952071117,0.377121439968118,-0.322882083546961,-0.294891424094631,0.62584822549943
"cleveland-guardians",2012,-0.459968319106847,-0.736122963363524,-0.78142761613138,1.43865103169041,0.0503961839623412,0.459335686548706,-0.840860333561255,-1.15925032336136,-1.01358787456145
"pittsburgh-pirates",2022,-1.30676754253569,-0.306168933768504,-1.83582769786788,-0.13744008151136,0.233344142217898,-1.34893333689137,-0.517658573798436,-1.51144046025683,-1.48199818886455
"san-diego-padres",2012,-0.689649836638751,-0.945303431605031,-0.359667583436783,1.21972399004881,-0.951330095831585,1.27658973769304,-0.607324649738808,-1.16650644874744,-0.38904078882397
"new-york-mets",2013,-0.474613731733804,0.703591960465063,0.167532457431466,-0.452750097460577,1.68693146504911,0.401119111942992,-0.158781601392866,-0.275435300898624,-0.545177560258339
"seattle-mariners",2013,-0.6226274918703,0.0366978989293985,-0.992307632478683,-0.377020617647446,1.63555326099984,-0.442354617840559,-0.641217723260569,-0.586347190306928,-0.779382717409893
"atlanta-braves",2014,0.200311106654059,-0.243751444946601,-0.886867624305032,0.767641943891634,-0.836439101439949,0.39489749328284,0.922253797043738,-0.510667206608501,-0.154835631672416
"new-york-mets",2014,-0.398256969927054,0.0715077294011856,-0.359667583436783,-0.600996291276585,0.897715780857095,-0.375694417910352,0.196125619787427,-0.847055073821167,-0.154835631672416
"seattle-mariners",2014,0.150592165301103,-0.340712003627375,-0.359667583436783,1.52906744092184,0.828211254042414,0.425116783917867,-0.198884523164711,-0.416527144693166,0.469711454065061
"minnesota-twins",2013,-0.733326427608068,-0.0625885547675443,-0.675987607957733,-1.42438227179026,2.31357391005911,-0.485017145795892,-0.852131581304846,-1.37592344799967,-1.16972464599582
"new-york-yankees",2016,1.3790115154828,1.951191199359,-0.254227575263132,-0.302209070922959,-1.04270812501437,-0.425911768524442,0.91322213861109,0.712567753199994,0.235506296913507
"new-york-yankees",2017,1.49611717513443,1.09674462640594,-0.359667583436783,-0.534905108894216,-0.917768127012362,0.379343446632458,1.66450087400111,1.62531905635341,0.781984996933799
"new-york-yankees",2019,1.6444065415178,-0.628117106190027,0.800172506473365,0.802064434715785,-0.977098797251599,-0.405024905879643,0.882864467105388,1.63760220924748,1.71880562554001
"new-york-yankees",2020,-0.331616877316758,0.356489391969448,1.22193253916796,0.280219473821665,-0.445853599836309,0.422005974587791,1.79240846576558,2.61940645007582,0.62584822549943
"new-york-yankees",2021,1.00986558072643,-0.363452374072971,1.11649253099431,-1.11779262018316,0.175217296443323,0.0482644536457633,0.565758002652467,1.36500598425781,0.860053382650984
"new-york-yankees",2022,2.5360797650259,-0.364340239883446,1.85457258820986,0.763511244992736,-0.469803187036593,1.24992565772096,1.28887962534456,1.65393291196689,1.40653208267128
"baltimore-orioles",2023,-0.83346933742116,-0.501204529838249,0.167532457431466,2.38458107953806,0.0952226095517197,-0.452131447163656,-0.45928798033171,-0.936796295505899,1.56266885410564
"new-york-yankees",2023,1.96529511796986,1.07913854742916,0.694732498299714,0.174657168627604,-0.445515352914213,1.26148009237553,2.22879195750156,1.57548943949908,0.0793695254791376
"boston-red-sox",2016,1.50225845253515,-0.966868524760115,0.694732498299714,0.315559897734459,-0.428768955466649,0.372677426639437,-0.94980303556941,1.1976275120992,0.938121768368168
"milwaukee-brewers",2016,-0.910556494376585,-0.596115672170886,-0.78142761613138,-1.84663149256651,3.0671806846904,-1.33382369157386,-1.27744576848598,-1.18804367925991,-0.623245945975524
"san-francisco-giants",2017,1.64143866841974,-0.714197634052883,0.272972465605117,-0.00984738218984215,-0.834613697386316,-0.401469695216699,0.795116026423014,1.48382067659196,-1.32586141743019
"toronto-blue-jays",2012,-0.0587025635085693,-0.791395616588937,0.272972465605117,1.11599755103204,-0.401425334306658,2.16850321275921,0.412034366809246,-0.759549927395148,-0.623245945975524
"toronto-blue-jays",2013,0.525265871402034,-0.759229097108523,1.53825256368891,1.41662063756295,-1.18087159240464,1.31214184432249,0.754181977058544,-0.149107753803683,-0.545177560258339
"toronto-blue-jays",2014,0.605295554275893,-0.785185657894543,0.167532457431466,0.0580796663698146,-0.627187581673558,0.877072939444669,0.780033180322258,-0.226784001144609,0.157437911196322
"toronto-blue-jays",2015,0.277767080719348,0.431317626765625,1.64369257186256,-0.405017576851088,-0.424730539000155,1.31125304165675,-0.223246474741764,-0.0837296017838211,0.938121768368168
"toronto-blue-jays",2016,0.85994767369895,-0.332169043589009,1.96001259638351,0.0424748038628664,-0.618288083466635,1.31836346298264,0.70007027786169,0.700539704811176,0.62584822549943
"toronto-blue-jays",2017,0.674058551411314,0.564931045070811,0.905612514647013,0.550550768427326,-1.03028536733167,-0.411690925872664,0.626411150715735,-0.121753904806118,-0.38904078882397
"toronto-blue-jays",2018,-0.246549385123468,1.86021501901825,-1.09774764065233,-0.93650083517597,-0.41958646459642,-1.27338511030381,-0.819446041740389,-0.22344049769831,-0.623245945975524
"san-diego-padres",2019,-0.577138212475392,0.440670768911389,-2.36302773873613,-0.277424877529571,0.695430049459792,-1.27827352496535,-0.822219619106032,-0.721372886643593,-0.857451103127078
"tampa-bay-rays",2020,-1.48832928583701,-0.973428029749439,0.0620924492578144,-0.093379293256447,1.14109307342048,-1.30804841426751,-0.399373555938123,-0.889856333755511,2.10914755412594
"new-york-mets",2021,1.74101177780738,-0.521660246264071,1.85457258820986,0.0245751086343082,0.252062081771745,1.76720880917937,-0.132171365904977,2.77692804990648,-0.310972403106785
"los-angeles-angels",2022,0.521395179748269,1.92261878108731,-0.148787567089484,-0.390789613977106,0.803298341860427,-0.518791647093863,2.80340327721724,-0.312981860439437,-0.623245945975524
"los-angeles-angels",2023,-1.02937435079601,0.615251073720222,-1.09774764065233,1.00079694840721,0.0229454485618289,-0.438799407177615,2.49920397803655,-0.15557635912472,-0.623245945975524
"philadelphia-phillies",2020,-0.751155320823911,-0.938496359161643,0.483852481952415,0.71164802548435,-0.484588367968101,1.26503530303847,-0.487021850061154,0.721870831783692,-0.38904078882397
"philadelphia-phillies",2021,1.00080806337132,-0.261764831908404,0.272972465605117,-0.38482304890092,-0.369966282312645,1.25792488171259,-0.436536052876319,0.673241356256742,0.0793695254791376
"philadelphia-phillies",2022,1.48135608340378,0.779360660045027,0.483852481952415,1.00630454693908,-1.04676072256462,1.29703219900497,0.11600697609959,1.50859722774417,0.469711454065061
"philadelphia-phillies",2023,2.61812430876789,-0.896970077110419,0.589292490126063,-0.274212111719317,-1.06328477767138,0.482888957190713,-0.0160220464065297,1.24263556778179,0.703916611216614
"san-diego-padres",2021,0.685647636585005,-0.945328334121264,1.32737254734161,0.0796510939529488,0.233764865336283,0.442004034566853,-0.397897885597278,0.606046281578527,-0.154835631672416
"san-francisco-giants",2012,0.609872170097516,-0.207468175105794,1.22193253916796,0.140693644347776,-0.54223037226565,1.37346922825828,0.220307206014889,0.600157276751996,1.01619015408535
"toronto-blue-jays",2019,-1.1781442079127,2.86910377854306,-2.46846774690978,-1.49506311961585,0.201901287758159,-1.36404298220889,-0.665427043357761,-0.820811456707512,-1.09165626027863
"san-francisco-giants",2021,0.86107957651754,-0.313130644763915,1.85457258820986,1.49648081627498,-0.728989872151255,1.3703584189282,-1.13025507730198,0.0739167625332309,2.03107916840875
"minnesota-twins",2022,-0.334902789717931,0.0336041560834285,-0.886867624305032,0.802523401260107,1.32636451399035,-0.420134551197157,-0.19038678932253,-0.0883051704633601,-0.232904017389601
"washington-nationals",2022,-0.711870154800926,0.456521402707272,1.01105252282066,-0.0245343116081463,2.16553288116039,-0.512570028433711,-0.495074445774543,0.768731429812015,-2.02847688888485
"minnesota-twins",2017,-0.364980128567577,0.0840395866373339,-0.0433475589158331,0.831897260096715,0.470277511358786,-0.513903232432315,-1.30420444681436,0.313720286259646,0.313574682630691
"minnesota-twins",2018,-0.768909361627842,0.677279354434756,-0.78142761613138,-0.501859517703031,0.649896419139923,-0.466796691148302,-1.19752843334455,-0.0108674921914127,-0.232904017389601
"milwaukee-brewers",2017,-0.741276617434781,-0.733716226276364,0.167532457431466,0.209079659451754,2.44310726037413,-1.33649009957107,-1.33116881272122,-1.02454832650931,0.391643068347876
"san-francisco-giants",2018,0.554460523406529,0.183573364836962,0.589292490126063,0.0920431906496429,-1.14714218864953,-0.418356945865685,-0.0378515212383107,1.11685528309308,-0.623245945975524
"san-diego-padres",2014,-0.538553004123663,-0.0922560156372022,-0.254227575263132,0.442234663967333,-1.07211068486782,-0.0126185289571588,0.237410753287693,-0.714323725022484,-0.310972403106785
"cleveland-guardians",2015,-0.992828140503212,0.710838410475353,-0.78142761613138,-0.676266804545393,-0.665906432774972,-0.396136879222282,0.458990219902041,-1.47944012180682,0.001301139761953
"san-diego-padres",2015,0.0021013983646176,-0.90174091331792,-0.254227575263132,0.945720963088572,0.606448962138591,-0.453909052495128,1.99316385792401,0.0203994566487141,-0.545177560258339
"cleveland-guardians",2016,-0.66398061223642,0.768418798101438,0.272972465605117,1.40239267468897,-1.70337753652479,-0.413468531204136,0.595809014985325,-1.059468332358,1.09425853980254
"cleveland-guardians",2017,0.479005224133536,-0.492368874127377,0.0620924492578144,0.847043156059341,-1.06687503350059,-0.401469695216699,-0.090703963128136,-0.266040146378847,1.64073723982283
"kansas-city-royals",2018,-0.1980480054529,1.19642867003279,-1.20318764882598,-0.857558589552585,-0.241237268748756,-0.484572744463024,0.0513041118777277,0.0793872201029261,-1.79427173173329
"arizona-diamondbacks",2019,-0.585609219042176,0.497680949653581,-0.359667583436783,-1.01681998043232,0.270283347407068,-0.383693641901977,-0.167669830659407,0.142805237930639,0.313574682630691
"houston-astros",2020,-0.661472055067315,-1.08500047388811,-0.0433475589158331,1.22064192313745,-0.170369269843132,-1.3053820062703,1.76196016733545,1.2151695390711,-0.232904017389601
"houston-astros",2021,1.12166381217024,-0.849082234705001,0.905612514647013,-0.86995068624928,0.277098279430128,1.31214184432249,-0.295557240797852,1.55500996714501,1.09425853980254
"seattle-mariners",2021,-0.753139848524005,-0.614034429571003,-0.465107591610434,-1.32203273240645,1.07544599461713,-1.32760207291371,-1.17647062011927,-0.477558930207932,0.703916611216614
"seattle-mariners",2022,-0.130712544784119,-0.269258849372758,-0.148787567089484,1.46159935890651,0.298390329531447,-0.0308389836047484,-0.72185455240914,-0.12810708067511,0.703916611216614
"los-angeles-angels",2019,0.442377235285917,0.580112590772003,-0.675987607957733,-0.646892945708785,0.168652351118277,-1.33204608624239,1.57133817269091,-0.507967693091592,-0.701314331692708
"minnesota-twins",2019,0.0615022530282298,0.0633232441208867,-0.570547599784082,0.095714923004219,-1.07193385203698,-0.404136103213907,-0.583836537183047,-0.302851340978273,1.56266885410564
"st-louis-cardinals",2019,0.879472658314136,-0.102398749761088,-0.570547599784082,-0.00479875020230008,-1.00631523664777,-1.31915844758921,-0.221123850011853,0.42477208509725,0.781984996933799
"kansas-city-royals",2016,0.276162969332301,-0.237059835145552,0.483852481952415,0.254517347339633,-1.60452409110871,1.33969472696031,0.117530054222329,0.420012778727967,0.001301139761953
"kansas-city-royals",2017,0.679412167813109,0.112477409845678,0.483852481952415,-0.0763975311165328,-1.14741616984269,1.38946767624153,1.35378995414342,0.167724235972194,-0.0767672459552316
"kansas-city-royals",2019,-0.510827946128286,0.30938160570057,-1.73038768969423,-1.18067103675528,0.487683063050615,-1.41603793815445,0.150625001552517,-0.369954021118556,-1.71620334601611
"kansas-city-royals",2020,-1.41425533483669,-1.01125780658616,-0.992307632478683,-1.11595675400587,0.508903784896654,-0.527679673751224,-0.768390589602026,-0.591930241772159,-0.857451103127078
"kansas-city-royals",2021,-0.846921116937763,0.220303422261697,-0.465107591610434,0.00942921267168205,-0.0470299211897991,-0.497460383116197,-0.35253511167599,-0.673455836724474,-0.545177560258339
"kansas-city-royals",2022,-0.633840082763675,0.206651134008594,-1.51950767334693,-0.240707553983811,0.556022755216199,-0.527679673751224,-0.387357047708873,-0.904348194008952,-1.247793031713
"boston-red-sox",2023,0.729171205692178,0.263035472001358,0.483852481952415,-0.917683206858768,-0.311771337242517,-0.479684329801475,-0.221931749695276,0.806748022669422,-0.232904017389601
"cleveland-guardians",2018,0.643777037379008,-0.782978626840003,1.85457258820986,0.0846997259404909,-0.703908951034971,-0.466796691148302,0.050865066315283,-0.051747041317313,0.781984996933799
"miami-marlins",2021,-1.60234444628212,0.353933968639024,-0.78142761613138,-2.32762843101597,0.891987331502481,-1.29916038761015,0.0218782222378561,-1.57250467944043,-1.09165626027863
"toronto-blue-jays",2021,0.350296418403633,0.619614480467012,0.378412473778764,0.38899454482598,-0.167928019186533,-0.437910604511879,1.91923145379166,0.515929205285522,0.781984996933799
"toronto-blue-jays",2022,1.0131213059927,-0.616972379845905,0.694732498299714,0.529897273932836,0.0285013028716083,0.432671606576623,2.55136446939626,0.841585383196937,0.860053382650984
"toronto-blue-jays",2023,2.10891305130414,-0.506405632935981,1.85457258820986,0.683651066280707,-1.05566475702758,1.27214572436436,1.57589407957024,1.57801193782539,0.62584822549943
"miami-marlins",2018,-1.04472128573494,0.783930939890085,-1.41406766517328,-1.08291116281469,-0.372067421948259,-1.41559353682158,-1.17315436009904,-0.434778474974717,-1.40392980314737
"tampa-bay-rays",2021,-1.01853677298974,-0.72251549963964,0.272972465605117,-0.0254522446967903,0.342456157437789,-0.465463487149698,-0.415899642156767,-0.893174285333044,1.48460046838846
"chicago-white-sox",2013,-0.212415350131593,0.64076230463058,-0.992307632478683,-0.167731873436612,-0.497632699466349,-0.445909828503504,-0.412674961024449,-0.454229755422529,-1.40392980314737
"chicago-white-sox",2014,-0.684386969398555,0.625483456902546,-0.992307632478683,-1.21463456103511,0.20161859572868,-1.29649397961294,-0.950678651589221,-0.926105419102266,-0.623245945975524
"san-francisco-giants",2014,1.24386448440592,-0.644563092337414,1.01105252282066,0.364669317976914,-0.71387930029647,0.505553425166983,0.883678649747858,1.29291769485068,0.547779839782245
"cincinnati-reds",2017,-0.595472609814154,-0.164639552193425,-2.25758773056248,0.112696685144133,1.22181366226795,-1.79200146576081,-1.17817907726599,-0.678701807427178,-1.01358787456145
"cincinnati-reds",2018,-0.221140621245864,-0.17438913025005,-1.20318764882598,-0.107607256130429,1.6526336104929,-1.33826770490254,-1.04757971353194,-0.576306548429043,-1.09165626027863
"chicago-white-sox",2015,0.0261651553579459,-0.550370660918401,-0.570547599784082,1.22844435439093,-0.663479358587667,-0.501015593779142,-1.09632221170625,-0.277914150770801,-0.38904078882397
"chicago-white-sox",2016,-0.0915223002979789,0.659205290366326,-0.886867624305032,0.126924648018115,-0.083910175089988,-0.429022577854518,0.0576916599796249,0.556163904257023,-0.232904017389601
"san-diego-padres",2023,1.49187510036003,-0.102809216114022,1.53825256368891,0.353195154368864,-1.31552273418978,1.27658973769304,0.833053865893211,2.68957586423102,0.0793695254791376
"pittsburgh-pirates",2018,-0.532710322757418,-0.037751635406502,-1.20318764882598,-0.724458291699204,-1.00134809126099,-1.32760207291371,-0.268129712920087,-1.05794171970987,0.0793695254791376
"pittsburgh-pirates",2019,-1.36514731266724,0.117799745680975,-1.09774764065233,-1.24217255369443,-0.134390779289929,-1.32404686225076,0.310926324339076,-1.02801181541418,-0.935519488844262
"pittsburgh-pirates",2020,-1.67672498341551,-0.952135953205252,-0.465107591610434,-0.90666800979504,-0.436882088714476,-0.513458831099447,-0.667533357779845,-1.01717422285635,-2.34075043175358
"pittsburgh-pirates",2021,-1.5711847724318,0.113940402305449,-1.09774764065233,-0.890145214199448,0.713952687972783,-1.33115728357665,-0.586374471852339,-1.28372596531427,-1.56006657458174
"baltimore-orioles",2012,-0.271457756037828,-0.928127558780637,-0.886867624305032,-0.732719689497,-0.33969378163126,-0.397025681888019,-0.0365844578306486,-1.17314547420068,0.938121768368168
"baltimore-orioles",2013,0.126308086032914,-1.02596274242179,-0.254227575263132,0.676766568115877,-0.262330311947019,0.421561573254922,0.788188143843138,-0.686378009358996,0.313574682630691
"baltimore-orioles",2014,0.32041322017418,-0.961524930679253,0.167532457431466,0.308675399569629,-0.610733158261147,0.90195941408528,0.854595657357753,-0.788486144365459,1.17232692551972
"baltimore-orioles",2015,0.0327904700109448,0.252846759329208,-0.359667583436783,-0.091543427079159,-1.04492065808704,-0.395248076556546,0.175229767284226,-0.341395793388945,0.001301139761953
"baltimore-orioles",2016,1.0701336635849,-0.931748384640926,0.694732498299714,0.937459565290776,-0.511463777967116,0.48111135185924,-0.0477033914155425,-0.158199376336258,0.62584822549943
"baltimore-orioles",2017,1.47055574404658,-0.658792815277902,0.0620924492578144,0.473444388981229,-0.906360876412923,0.385120663959743,0.339229658629349,0.627030865313425,-0.467109174541155
"baltimore-orioles",2018,-0.489702062854992,1.54500771478965,-1.73038768969423,-1.46660719386789,-0.0911090862773536,-1.26894109697512,-0.162283113508615,-0.179163601412625,-2.65302397462232
"tampa-bay-rays",2018,-1.40697787793275,1.08297754362679,-1.41406766517328,-0.822677132184113,-0.551377693491569,-1.41648233948732,0.136225665238916,-1.37544681962467,0.703916611216614
"tampa-bay-rays",2019,-0.808734662488287,-0.548418789548484,-0.570547599784082,-0.600537324732263,1.33204170820624,-1.41648233948732,-0.584879508384726,-1.15558668877121,1.17232692551972
"los-angeles-dodgers",2023,1.18066624672162,1.01365768468352,2.27633262090446,-0.802482604233945,-1.06013369968014,2.18850127273827,-0.778782159614908,2.44284450246985,1.48460046838846
"new-york-mets",2023,0.230441956216234,8.50900870915037,0.589292490126063,0.996666249508315,-0.789202228079198,0.489554977183733,2.02407988774981,3.89403587160936,-0.467109174541155
"washington-nationals",2012,0.0524064541302444,-1.07462857587704,-0.675987607957733,1.11966928338661,-0.546588919406066,0.470445719870408,-0.189728220978863,-0.64630130504736,1.32846369695409
"washington-nationals",2013,0.284763444702966,-0.660569883131432,-1.09774764065233,0.576252894909358,-0.47325587919089,0.370011018642229,0.439614843488035,-0.294703449000217,0.391643068347876
"los-angeles-dodgers",2017,1.9062031442457,1.41998955180692,0.694732498299714,-0.418786573180749,-0.571700753548857,0.480666950526372,3.92733840270054,2.26912355946457,1.7968740112572
"los-angeles-dodgers",2018,1.40590416375474,0.754850813976461,1.01105252282066,-1.34957072506577,0.238135993327714,0.386009466625479,1.19211171136223,1.59313300488215,0.781984996933799
"milwaukee-brewers",2015,-0.716372043381894,0.935168051146949,-1.41406766517328,-0.914470441048514,-0.549337378322794,-1.32404686225076,-0.777495485759314,-0.552212633611226,-1.01358787456145
"seattle-mariners",2016,0.817612292752434,-0.496961566237045,0.800172506473365,0.471608522803941,0.192037778621567,-0.418356945865685,-0.168463133569288,0.177141533320889,0.391643068347876
"seattle-mariners",2012,-0.418075710621429,-0.418792567781435,-1.20318764882598,-1.06730630030774,1.34363265362805,-0.375250016577484,-0.2173382085259,-0.695848672518393,-0.467109174541155
"chicago-cubs",2021,-1.24693805976306,3.24223135937542,0.167532457431466,-1.68782906823109,-0.0590761408593864,-0.868091094728147,0.454410387006948,-0.134396599893486,-0.779382717409893
"oakland-athletics",2023,-1.29166575550433,-0.116654650712543,-1.83582769786788,1.01594284436984,-1.01872568921684,-2.16840939470005,-1.14151134748663,-1.13298007113263,-2.41881881747077
"colorado-rockies",2012,-0.348673338703323,-0.442125314424156,-0.675987607957733,-0.0516133377231446,-0.902467569983397,0.426005586583603,-0.259402873197532,-0.877212077519053,-1.32586141743019
"colorado-rockies",2013,-0.403583591061007,-1.01152559974244,0.0620924492578144,-0.723999325154882,-0.531040835507769,0.414006750596165,-0.0284752520216109,-0.939311465989539,-0.545177560258339
"colorado-rockies",2014,0.0697841675488694,-1.08785545626747,-0.0433475589158331,0.739644984687992,-0.0109288149371328,0.402007914608728,0.295274521391354,-0.564986146620233,-1.16972464599582
"colorado-rockies",2015,-0.379287224147718,0.464778348236024,-0.78142761613138,0.198064462388026,-0.242279828459771,-0.425467367191573,0.0288199400204799,-0.591833068206403,-1.01358787456145
"colorado-rockies",2016,-0.0992500608003314,-0.0852335667973207,-0.465107591610434,-0.257230349579403,-0.0820835763560647,-1.3347124942396,0.292989809010896,-0.714935822906195,-0.467109174541155
"colorado-rockies",2017,0.252273450729242,0.941723668914227,-0.465107591610434,1.05220120137128,-0.166420943226278,0.0322660056625139,0.90048397859078,-0.367022884053105,0.469711454065061
"colorado-rockies",2018,0.794871741982721,-0.830363134728291,0.483852481952415,-0.144783546220512,-0.2629275056981,-0.445465427170635,1.15873263466184,-0.274440371026016,0.703916611216614
"boston-red-sox",2021,1.008488237934,1.4128125858907,1.32737254734161,0.109942885878201,-0.114487060675301,1.34680514828619,-0.918800757851256,1.36151923741753,0.860053382650984
"new-york-mets",2022,2.87792426304562,0.60843130706734,2.48721263725176,1.23900058491033,-0.0913471208598741,1.34013912829317,1.07009658321966,2.729348271911,1.56266885410564
"st-louis-cardinals",2012,0.529277380720349,-1.01055506972564,0.167532457431466,-0.251722751047539,-0.473414681804001,-0.495682777784725,-0.182012747270057,-0.277224951238194,0.547779839782245
"texas-rangers",2014,0.776014107926244,-0.564526951804924,-0.992307632478683,-0.235199955451947,0.11301059223833,-0.413024129871268,-0.106663631069125,-0.523253286146246,-1.09165626027863
"texas-rangers",2015,0.661412228074059,-0.227444669938741,-0.254227575263132,0.13931674471481,-0.171254328799193,-0.396136879222282,-0.652664513072059,0.10681065174561,0.547779839782245
"san-diego-padres",2016,-1.49376733025191,1.82627465079007,-0.675987607957733,-1.33258896292586,-0.533051346912686,-0.517902844428127,0.643195790218767,-0.695639669701553,-1.01358787456145
"oakland-athletics",2017,-1.28066278474331,1.28007154524565,-0.675987607957733,-0.823595065272757,-0.14527251171751,-1.37737502219493,-0.69449626400935,-1.14207969057176,-0.467109174541155
"atlanta-braves",2012,-0.13808287876103,-0.405620958829475,0.589292490126063,-0.32745223086067,-0.457078138988288,1.78098525049828,-0.799138946924786,-0.835226151591687,1.01619015408535
"st-louis-cardinals",2013,0.451000533549178,-0.771807236582159,-0.0433475589158331,-0.282473509517113,-0.48709023814753,-0.459241868489545,-0.166590938701968,-0.126233510606949,1.25039531123691
"st-louis-cardinals",2015,0.744837014409277,-1.10018493500584,0.589292490126063,0.118204283675997,-0.367086642065553,0.477556141196296,0.586919897219525,-0.236365760770825,1.48460046838846
"st-louis-cardinals",2016,0.82777553127146,-0.919855428790767,0.0620924492578144,0.305003667215053,-0.694943548333466,-0.381916036570505,-0.274607062911383,0.436315763086002,0.391643068347876
"st-louis-cardinals",2017,0.309807793326591,0.708109762812498,-0.886867624305032,-0.417409673547783,-0.628901568252557,0.38112105196393,-0.214599536488292,0.549772719186736,0.157437911196322
"st-louis-cardinals",2018,0.430376399261082,0.169709648147256,-1.09774764065233,0.285727072353529,-0.86441137189764,-1.3791526275264,-0.308555984958,0.825642864977582,0.547779839782245
"st-louis-cardinals",2020,-0.862715059298665,-0.371330801354981,0.167532457431466,-0.343975026456262,-0.291585343972683,-0.470796303144114,-0.164147565739534,0.157552234549517,0.235506296913507
"st-louis-cardinals",2021,0.477883710529309,0.0999419690767062,1.74913258003621,-0.834151295792163,1.2862423059539,0.364678202647812,-0.286643689302427,0.362203396094437,0.703916611216614
"st-louis-cardinals",2022,0.868104709028479,-0.518935121396195,1.01105252282066,-0.141570780410258,1.14480701104149,0.428227593247943,-0.498826197360186,0.296597061426067,0.938121768368168
"st-louis-cardinals",2023,-0.191985460773071,0.148598205952525,-0.0433475589158331,-0.36875921984965,1.21413711493259,-0.905865208021931,-0.880894396640522,0.607192451751674,-0.779382717409893
"new-york-yankees",2014,2.16177487603484,-0.148845161641522,1.74913258003621,-0.722163458977594,-1.1301622630454,2.24805105134259,0.810177992791181,0.891574300978733,0.235506296913507
"new-york-yankees",2015,1.93753008861963,-0.496477424878767,-0.254227575263132,-0.103017590687209,-1.2148077631341,0.36290059731634,1.25861949836466,0.410650312758507,0.469711454065061
"seattle-mariners",2018,0.91225098427923,-0.531597322046578,1.64369257186256,-0.286145241871689,0.0132417309505244,1.30947543632528,-0.279392266063786,1.00923396600817,0.62584822549943
"detroit-tigers",2012,0.942346806751215,-0.766126790415862,-0.675987607957733,1.03613737232001,-0.101359947192684,0.881961354106218,-0.739958549847654,-0.109141190153299,0.547779839782245
"chicago-cubs",2018,1.23046331580105,-1.02627341649626,1.01105252282066,0.299496068683189,-0.417009567302488,0.432227205243755,0.446420684348255,2.5902148099984,1.01619015408535
"chicago-cubs",2020,-0.563166805345661,-0.343120319898491,1.01105252282066,-0.593652826567432,-1.03736189703083,1.3161414563183,0.229576284142405,1.28281476631016,0.860053382650984
"chicago-cubs",2022,-0.206178379304608,0.128265848088823,0.0620924492578144,-0.0681361333187368,-0.0127399282243627,-1.27916232763109,0.550427963364993,0.296255711398684,-0.545177560258339
"chicago-cubs",2023,0.858248807670068,1.05013428308328,0.694732498299714,0.858517319667391,-0.666494806320243,-0.381916036570505,1.96894692211889,0.539507558581674,0.157437911196322
"new-york-mets",2015,0.195449371570006,-1.00426773101739,0.378412473778764,0.73918601814367,0.13233553359487,-0.403247300548171,1.02603596842677,-0.826045639141584,0.703916611216614
"new-york-mets",2016,0.181222114390195,-0.728613700700208,0.272972465605117,0.979225520824079,0.394064258002448,0.00071351102888272,2.82079184235951,-0.524029941888034,0.469711454065061
"boston-red-sox",2017,1.64906914999324,0.758239682008715,0.272972465605117,-0.244838252882709,-0.457436311867019,0.407340730603145,1.04084325282875,1.26566395055594,0.938121768368168
"chicago-cubs",2015,0.282487706072583,0.336666989047924,0.483852481952415,1.93571179919114,-0.310794022122343,1.2534808683839,-0.327023378593472,0.564427002665826,1.25039531123691
"chicago-cubs",2017,1.41894780152479,-0.447350287494765,0.589292490126063,-0.596865592377687,-0.0488393898072035,0.881072551440482,1.19476540479214,1.26086711288814,0.860053382650984
"chicago-cubs",2019,2.18135303757253,-0.597565484518406,0.905612514647013,0.353654120913186,-0.828728965175009,0.47666733853056,0.658100365289614,2.84225831606754,0.235506296913507
"tampa-bay-rays",2017,-0.627792934148503,-0.614376019208307,-0.0433475589158331,0.706599393496808,-0.313195087560796,0.00515752435756309,-0.357861601269863,-0.809832946549239,-0.0767672459552316
"new-york-mets",2019,0.237388272558778,0.431682236045984,0.272972465605117,-0.39400237978736,0.617995852532114,-0.0103965222928186,1.27277690902286,-0.165467417431712,0.391643068347876
"baltimore-orioles",2022,-1.41075058135387,-0.294894653602126,-0.78142761613138,-0.0249932781524683,-0.640350823443612,-1.34360052089696,-0.709025130822077,-1.41614374616732,0.157437911196322
"texas-rangers",2023,1.16235410900479,-0.796867367521632,1.43281255551526,2.8068303003143,0.123499146086648,1.36724760959812,-0.945818433713659,3.99223947716316,0.703916611216614
"texas-rangers",2012,0.875184437069511,-0.902786940475398,-0.465107591610434,1.23762368527737,-0.994884304342386,0.436671218572436,-0.250217758249997,-0.01514306536434,0.938121768368168
"texas-rangers",2018,0.0652453117232223,1.14324333357046,-0.359667583436783,-0.931452203188428,-0.457645457729571,-0.466796691148302,-1.0993872802931,0.0600571358007329,-1.09165626027863
"chicago-cubs",2012,-0.194269126916421,0.876355717821461,-1.62494768152058,-1.01452514771071,-0.0559231035977205,-0.499237988447669,-0.592866609009875,0.0861227819182181,-1.56006657458174
"boston-red-sox",2013,1.54184638696786,-0.775789999257649,1.11649253099431,-0.251263784503217,-1.47583753861898,1.29569899500637,0.442443571271973,1.0557820156168,1.25039531123691
"boston-red-sox",2015,0.0400322739684049,1.65994175566841,-0.675987607957733,0.0695538299778647,-1.15336259835513,-0.42635616985731,0.715939953520581,0.000452017532203117,-0.232904017389601
"milwaukee-brewers",2019,0.293699149562766,0.129678549613372,0.378412473778764,0.841535557527477,-0.519017366174122,0.38556506529261,0.195199613166781,-0.532528232186154,0.62584822549943
"milwaukee-brewers",2020,-1.34865159765185,-0.827779468300187,0.0620924492578144,-2.05913300258759,0.735633990046009,-0.425467367191573,-0.565571530985944,-1.25157145542665,-0.232904017389601
"san-diego-padres",2020,-0.809807296716509,-0.221234529030814,0.589292490126063,2.44011603140102,0.51776788893984,0.00826833368763926,-0.00217383349048072,-0.534108879708884,1.48460046838846
"san-diego-padres",2022,1.68610911917264,0.996992495655438,1.43281255551526,0.850714888413917,-0.465565267255938,0.478444943862032,0.185264414451895,1.46271652158091,0.62584822549943
"texas-rangers",2019,-0.150355440723755,0.798018536274511,-1.51950767334693,-0.0332546759502644,-0.488319840698934,0.391342282619895,-0.762329691906302,0.298749439977487,-0.232904017389601
"detroit-tigers",2021,-0.661391841153212,-0.592856783125799,-0.359667583436783,-1.15680477645053,3.5734665206828,-0.900532392027515,-0.877606124346949,-1.01609285630049,-0.310972403106785
"detroit-tigers",2022,0.263930566481318,-0.181035308143434,-0.359667583436783,2.3625506854106,1.3532384151899,-0.476129119138531,-0.784820210186828,-0.550048689812472,-1.16972464599582
"detroit-tigers",2023,-0.221511211615207,-0.188794021133992,-0.359667583436783,-0.789631540992929,1.91679728174286,-1.32893527691231,-0.962341156327965,-0.576776581745636,-0.232904017389601
"detroit-tigers",2013,1.16037444212186,-0.747560932020751,0.589292490126063,0.0672589972562547,-0.344401691982715,1.30680902832807,-0.322262355313762,0.000421973377282251,0.938121768368168
"detroit-tigers",2014,1.15740152044976,-0.65951687112184,-0.0433475589158331,0.21504622452794,-0.75594968762793,1.31125304165675,0.239947418672329,0.886185437344088,0.703916611216614
"cincinnati-reds",2023,-1.00753851701275,1.26230159556449,-0.0433475589158331,-1.03701450838249,1.82225902769375,-1.38004143019214,-0.734379091821878,-1.32941178272287,0.0793695254791376
"colorado-rockies",2022,-0.545569291199081,-0.624370431515995,-0.148787567089484,0.639131311481473,-0.2716701583479,0.404674322605936,-0.694084508067005,-0.0357976094377053,-1.01358787456145
"colorado-rockies",2023,-0.374048953059598,1.79173753323996,0.272972465605117,0.724958055269688,-0.0479407807070326,-0.380138431239033,-0.607737040323481,0.306401237007216,-1.71620334601611
"cincinnati-reds",2022,-1.47212901671279,0.730968936481879,0.0620924492578144,-0.696461332495562,0.994620135093615,-1.33204608624239,-0.103668182745646,-0.852967081701624,-1.48199818886455
"los-angeles-angels",2012,1.26700775283437,-0.898296287944441,0.589292490126063,0.0374261718753244,-0.241557853530036,2.16805881142634,1.89451721225839,0.0274837919146091,0.62584822549943
"los-angeles-angels",2013,0.507266182005499,0.348119352574291,-0.148787567089484,-0.747865585459626,-0.851940084710683,1.2952545936735,0.413790739451722,0.164998151060583,-0.232904017389601
"los-angeles-angels",2014,0.817409536177358,0.846540663989738,0.800172506473365,0.477116121335805,-0.531486150597768,1.2841445603518,1.08089051646843,0.236927203260614,1.32846369695409
"los-angeles-angels",2015,0.279560763975693,-0.125723843435405,0.167532457431466,-0.89978351163021,0.0320159649425984,0.423339178586394,0.514172560706071,-0.0553458404299761,0.313574682630691
"los-angeles-angels",2018,-0.0249809052241251,0.365260118924581,-0.359667583436783,-0.0828230627370409,0.592372458782839,-0.437021801846142,2.49962607864884,-0.837340712102926,-0.0767672459552316
"los-angeles-angels",2020,-0.757082075551361,-0.83559327051568,0.167532457431466,-0.356826089697278,1.43671631714549,-0.457464263158073,2.41126032137412,-1.02879876199588,-0.857451103127078
"san-francisco-giants",2016,1.74348970974218,-1.0344079752684,1.43281255551526,-0.478452223942609,-0.976667163790332,0.437115619905304,1.11034115715909,1.35557253379507,0.469711454065061
"washington-nationals",2021,-0.89779878948214,0.872805530074292,0.589292490126063,-1.30505097026654,2.48206849966263,-0.887200352041473,-0.771392384348784,0.818063422429109,-1.247793031713
"chicago-cubs",2013,-0.781366613780827,1.3843166365652,-1.09774764065233,-0.812120901664707,0.0117007210878276,-0.418356945865685,-0.893880638346811,0.0859894151817401,-1.16972464599582
"kansas-city-royals",2023,-0.81089121721977,0.276108564169586,-1.20318764882598,-0.119540386282801,0.827974750771009,-1.3791526275264,-1.20707751566714,-0.243248612223655,-1.95040850316766
"houston-astros",2022,1.09114297069383,-0.207857747640231,1.22193253916796,-0.53811787470447,-0.164836039082302,2.1645036007634,0.168158772859408,1.00365687239763,1.95301078269157
"arizona-diamondbacks",2023,-0.685261061150699,1.2808921742623,-0.254227575263132,1.48592458575557,-0.299936844951191,-0.498349185781933,-0.357004262949096,-0.0587244856608756,0.235506296913507
"detroit-tigers",2017,-0.0412273625423234,3.62976960118694,-0.78142761613138,-0.550968937945486,-0.352974740521185,-0.494793975118989,0.0913975140146544,0.77138777277758,-1.32586141743019
"minnesota-twins",2020,-0.919048425405228,-0.65599085703677,1.74913258003621,0.464724024639111,-0.437944244737802,0.493110187846678,-0.362663685908188,0.112266389909607,1.25039531123691
"cincinnati-reds",2019,-0.175891065670711,1.51604857866221,-0.675987607957733,1.00722248002772,0.554194384516815,0.0464868483142914,-0.0406799317010845,0.189420894852884,-0.467109174541155
"houston-astros",2018,1.36872650619222,-0.855577600530564,0.272972465605117,0.550550768427326,0.108042282202696,-0.0210621542816513,0.292763178235601,1.11535807739615,1.71880562554001
"houston-astros",2023,2.4650160158705,-0.928296835153178,1.85457258820986,1.03980910467458,0.327402124354757,0.446448047895533,-0.310496086554405,1.98530805689486,0.703916611216614
"minnesota-twins",2012,0.309339506790865,-1.10018493500584,-0.254227575263132,-0.534905108894216,0.92973919050096,-0.476129119138531,-0.665388076318828,-0.711081027203087,-1.16972464599582
"washington-nationals",2023,-0.900450938945334,-0.620231086677458,-0.992307632478683,-1.50148865123636,4.11340320110727,-1.3373789022368,-0.870739294359017,0.621277075114131,-0.779382717409893
"tampa-bay-rays",2012,-0.527125181253227,-0.978101867619319,0.800172506473365,2.18263580003638,-1.15875806667599,0.51310824782574,-0.817651463629772,-1.10794105577232,0.703916611216614
"tampa-bay-rays",2013,-0.481536599327466,-0.963524784946302,1.32737254734161,-0.111278988485005,0.828124998085497,1.26947931636715,-0.852334666849775,-0.746057138838428,0.781984996933799
"tampa-bay-rays",2014,-0.613481415850601,-0.303526776796175,0.167532457431466,-0.0249932781524683,-0.709191088062346,-0.414801735202741,-0.811311386774002,-0.70726561068925,-0.310972403106785
"tampa-bay-rays",2015,-0.855724494916638,-0.361333534368603,-0.78142761613138,-0.505531250057608,-0.314637368976931,-0.429911380520254,-0.614584259863479,-1.09495787088257,-0.0767672459552316
"tampa-bay-rays",2016,-1.18673880023427,0.125343689653484,-0.465107591610434,-0.876376217869788,0.457013682579427,-0.444132223172032,-0.994751578443275,-1.27474499320592,-1.01358787456145
"baltimore-orioles",2020,-1.72859937382051,-1.02337616057715,-0.886867624305032,-0.966792627101223,3.36539365984683,-1.33115728357665,-1.07067352280937,-1.28647948184559,-1.01358787456145
"baltimore-orioles",2021,-1.65378009056813,0.056604909668271,-1.09774764065233,-1.76768924694312,1.3715683208468,-1.37426421286485,-0.939331437158979,-1.31026154916779,-2.2626820460364
"san-francisco-giants",2022,-1.04028425672717,0.0934110108742833,0.483852481952415,-0.543625473236334,-0.666350250444326,-0.481461935132947,-0.929474426378892,0.541744685226508,0.001301139761953
"minnesota-twins",2021,-0.170414364199161,0.110576558265117,0.694732498299714,-1.06179870177588,0.134185966699143,-0.460575072488149,-0.635496422674507,-0.421770343559732,-0.623245945975524
"san-diego-padres",2017,-1.443247584918,1.49902934873871,-1.41406766517328,-0.650105711519039,-0.187197810187669,-1.30138239427449,0.150444636202927,-1.0270291198528,-0.779382717409893
"san-francisco-giants",2020,-1.09627724046117,-0.250060527803172,1.22193253916796,-1.70205703110507,0.0712378001129304,-0.417912544532817,-1.21226863605247,-0.50030149525802,-0.232904017389601
"milwaukee-brewers",2012,0.365928848118766,-0.951758892666776,-0.148787567089484,0.74377568358689,-0.922182312933793,0.847742451475379,-0.354836451685439,-0.250812857463647,0.157437911196322
"milwaukee-brewers",2013,-0.489791706337151,-0.625284657550971,-0.254227575263132,-1.30092027136764,-0.817331616827377,-0.436132999180407,-0.32913343740529,-1.00161874217037,-0.545177560258339
"minnesota-twins",2023,-0.31593235549668,-0.892354243882008,1.01105252282066,-0.116327620472547,0.93404031611757,0.376232637302382,0.535609509258043,-0.472245415911981,0.469711454065061
"minnesota-twins",2016,-0.666455081099767,-0.555014555030958,-0.992307632478683,-0.687740968153444,1.38713869026379,-0.918752846675104,-1.26143748694267,-0.356153399449592,-1.71620334601611
"houston-astros",2014,-1.00604441029906,-0.732624402784155,-1.94126770604153,1.8806358138725,1.3020413182588,-0.468129895146906,-0.793668330058246,-0.946421926607539,-0.857451103127078
"boston-red-sox",2020,-1.18997141054167,-0.155528996998478,-0.254227575263132,-1.43539746885399,0.161932191221861,-0.434355393848934,-0.437631318605817,0.547510104393507,-1.247793031713
"boston-red-sox",2022,0.347509417772491,1.85753672302847,1.01105252282066,0.314641964645815,-0.483239659332131,0.489110575850865,0.336236177697087,1.4327581024192,-0.232904017389601
"houston-astros",2013,-1.69050199958254,0.230761082109164,-3.52286782864627,-1.92970443708879,0.293252281271088,-1.32049165158782,-1.16625776538593,-1.28748941786557,-2.34075043175358
"detroit-tigers",2016,1.45841625999232,-0.573280246998693,0.378412473778764,0.784164739487227,-0.513016685992972,0.393119887951367,0.565468986536339,0.849993381729367,0.469711454065061
"detroit-tigers",2018,-0.543744148233381,0.384087575215827,-0.359667583436783,-1.6983852987505,1.23926321355699,-1.28982795961992,-0.851405423553257,-0.249117353972211,-1.32586141743019
"atlanta-braves",2013,0.0269131996539109,-1.08785685323789,-0.148787567089484,-0.431178669877443,-0.534717304938149,0.361122991984868,0.435610567720119,-0.923902892618878,1.17232692551972
"arizona-diamondbacks",2020,-1.51932515223517,1.33032773842052,0.272972465605117,-0.993412686671899,0.0398440918560218,-0.493460771120385,0.748761052686279,-0.817201060487329,-1.01358787456145
"arizona-diamondbacks",2021,-0.811144125745302,0.470994502190555,-0.359667583436783,-0.720786559344628,0.81215582573442,-1.32760207291371,-0.315860972009117,-0.485600281725697,-2.2626820460364
"san-diego-padres",2013,-0.602712786545268,-0.561124357019819,-0.359667583436783,0.388076611737336,-0.719917504512167,0.471334522536144,-0.235259238581279,-0.932798128968068,-0.38904078882397
"pittsburgh-pirates",2023,-1.29688823415215,-0.0189727693908321,-2.36302773873613,1.30233796802677,-0.671051958291897,-2.17996382935462,-0.900999040553523,-0.970092897462922,-0.38904078882397
"chicago-cubs",2014,-0.824191310034309,1.00638778986526,-1.30862765699963,-0.8974886789086,0.0270885808407634,-0.423689761860101,-0.624750151064558,-0.531405224367861,-0.623245945975524
"cincinnati-reds",2012,-0.0836567053793773,-1.10018493500584,-0.0433475589158331,0.15538057376608,-0.534371821693573,0.459335686548706,-0.866205917282327,-0.733515918441859,1.25039531123691
"cincinnati-reds",2013,0.100534865177579,-1.10018493500584,0.483852481952415,0.417909437118267,0.342380314704238,1.33969472696031,-0.69971169119584,-0.437853397057301,0.703916611216614
"cincinnati-reds",2014,0.138072348381304,-0.681658001993885,0.0620924492578144,0.130596380372691,-1.18834732153403,0.493998990512414,0.090418007045766,-0.0906363165155869,-0.38904078882397
"boston-red-sox",2018,1.56139156587923,1.43597599542304,0.800172506473365,0.091584224105321,-0.674612797741508,0.493998990512414,-0.993625088311244,1.20299480638826,2.10914755412594
"new-york-mets",2020,-0.975316076601668,0.0185326673564182,1.53825256368891,1.00217384804018,-0.604668885239174,1.32280747631132,-0.515742461682025,0.930484922501288,-0.857451103127078
"cincinnati-reds",2020,-0.8607025975463,-0.983438416110222,0.589292490126063,0.434432232713859,0.031122899810684,-0.00106409430258927,0.0952383693831349,-0.0468741852469292,0.235506296913507
"cincinnati-reds",2021,-0.162432422596827,-0.843481962493406,0.167532457431466,-0.983315422696815,0.617846675797062,-0.413024129871268,0.0731627802565923,-0.541479733622926,0.157437911196322
"texas-rangers",2020,-1.29830967895093,-0.16856844040087,-0.78142761613138,-0.388494781255496,-0.428227784302924,0.425116783917867,-1.11109738320644,0.141443342441511,-1.71620334601611
"seattle-mariners",2020,-1.40288586263407,0.764996038351969,-1.09774764065233,-1.44549473282907,0.281003600093818,-1.41648233948732,-0.335577151353207,-0.837222606395299,-0.623245945975524
"new-york-mets",2012,0.165603995922157,-0.860967476848912,-0.570547599784082,-1.49368621998288,1.23101207306026,0.45400287055429,-0.000758898420416736,-0.154355381236033,-0.545177560258339
"san-francisco-giants",2013,0.933974810649016,-0.969114063608048,0.589292490126063,-0.18333673594356,-0.148594836924354,0.424227981252131,0.229021987533213,0.909978719451582,-0.38904078882397
"seattle-mariners",2017,0.557209388527924,-0.484456433652464,0.483852481952415,0.138857778170488,0.0172603007387127,0.425561185250735,-0.889842789999749,1.17417863859689,-0.232904017389601
"boston-red-sox",2019,1.51759082588447,0.472184235088051,0.272972465605117,-0.255853449946437,-0.608658022654873,1.27747854035878,-0.831981687393865,1.60932091025018,0.235506296913507
"oakland-athletics",2021,-0.87414006581581,-0.94833358192784,2.27633262090446,-1.04206314037003,-0.549504061105327,0.455336074552894,0.487355495283518,-0.655965263952149,0.391643068347876
"tampa-bay-rays",2022,-0.881258012814095,-0.404431347407668,0.0620924492578144,1.49051425119879,-0.669391755462466,-0.479239928468607,0.353370251265864,-0.679052046446314,0.391643068347876
"pittsburgh-pirates",2014,-0.50544334984029,-0.655524997769678,-0.148787567089484,0.0608334656357466,-0.842340784928508,0.445114843896929,-1.09012245426918,-0.84797459063471,0.547779839782245
"oakland-athletics",2016,-1.35658887397718,1.03162819072713,-1.20318764882598,-0.135604215334072,-0.508029126231225,-1.31160362493046,-0.0972372885727531,-0.900799765849555,-0.935519488844262
"miami-marlins",2022,-0.913114848844251,-0.451832315251807,-0.254227575263132,1.66538050458548,-0.423652374834765,-1.31960284892208,-1.28919166522661,-1.14991541645235,-0.935519488844262
"san-francisco-giants",2015,0.8344303863412,-0.351767809767191,1.64369257186256,0.454626760664027,-1.07217935736697,0.869518116785913,1.744983485064,1.16008633692973,0.235506296913507
"oakland-athletics",2018,-0.658940487248728,-0.485601099069362,1.11649253099431,0.135645012360233,-0.698110637956613,-0.445909828503504,-0.84215976372764,-0.263211599110687,1.25039531123691
"seattle-mariners",2019,-0.17539962245237,2.01160166684821,-0.992307632478683,-0.76484734759954,0.527882182487259,-1.30182679560736,0.00164119193525403,0.189284437678413,-1.01358787456145
"philadelphia-phillies",2012,1.56282431781493,-0.473489851406175,1.53825256368891,-0.0667592336857707,-0.898788905252706,2.18716806873967,-0.136211625892885,0.934892842884757,0.001301139761953
"philadelphia-phillies",2013,1.27572949829156,-0.595603652141996,1.01105252282066,-0.672595072190817,-0.255726840295522,0.87485093278033,-1.15882883268817,1.13727170414006,-0.623245945975524
"colorado-rockies",2021,-0.275712723451742,0.0885734845135536,-0.148787567089484,-1.21601146066807,0.337336500232578,0.455336074552894,-1.12385369399733,-0.819508375120807,-0.467109174541155
"colorado-rockies",2019,0.571512562075334,-0.0149065529170384,-0.570547599784082,0.126465681473793,-0.00634285600910608,-0.50590400844069,-0.330455587767014,-0.0013316749526799,-0.779382717409893
"milwaukee-brewers",2014,0.314243758378674,-1.06857143359933,0.483852481952415,0.777739207866718,-0.366648235224705,-0.437910604511879,-0.696326889804192,-0.239450750672026,0.0793695254791376
"houston-astros",2012,-1.44746009841379,0.77167884116557,-2.46846774690978,-1.94714516577303,3.50483932724358,-1.30893721693325,-1.26325288132164,-1.29925423740183,-2.02847688888485
"cleveland-guardians",2013,-0.326635666267538,-0.255074436864245,0.272972465605117,0.658407906342997,-0.943857845414602,0.424227981252131,0.096510890714817,-0.704645333453665,0.860053382650984
"cleveland-guardians",2014,-0.675734527094201,0.322048179475755,-0.148787567089484,-0.712525161546832,0.224793801970449,0.402007914608728,0.780897055459003,-1.4086984031396,0.313574682630691
"seattle-mariners",2015,0.0576467070966072,0.47422022837256,-0.359667583436783,0.126006714929471,0.62006393308367,0.386009466625479,-0.418055902930056,-0.391154712491659,-0.38904078882397
"detroit-tigers",2020,-1.32420408644528,-0.706104073325757,-1.20318764882598,-0.620731852682431,2.28232803477865,-0.911198024016348,-1.21941305859463,-0.648290145266639,-1.32586141743019
"detroit-tigers",2019,-0.425619406789807,0.488019259257905,-1.09774764065233,-0.864902054261737,1.8837317626918,-1.34360052089696,-0.891872883878251,-0.109961812951069,-2.65302397462232
"miami-marlins",2020,-1.57972232838376,-0.350967710141976,0.378412473778764,1.46527109126108,-1.10654658683804,-0.905865208021931,-0.000854094769602471,-1.10179404716366,0.235506296913507
"houston-astros",2015,-0.590247732050572,-0.908819423188248,-0.254227575263132,2.35245342143552,-0.855048765625835,0.425116783917867,-0.689280773358627,-0.757857578062077,0.391643068347876
"arizona-diamondbacks",2022,-0.833113246055796,-0.521146343362003,-0.0433475589158331,-0.575753131338874,1.99894364829499,-0.48323954046442,-0.715560042872514,-0.265861952361379,-0.545177560258339
