"Wins","Team","Year","Average.Age","Payroll.Percent.Change","Retained","Total.Payroll","Top3_Percent","Payroll.Ranking","Position_Payroll_RP"
-1.32586141743019,"cincinnati-reds",2015,-0.465107591610434,-0.332959829392534,0.165153641695649,-0.397860522035125,-0.657874627681532,0.288434203852106,0.157932640221824
-1.01358787456145,"cincinnati-reds",2016,-0.886867624305032,-1.26007224892298,-0.440404489814606,-0.845895595308502,2.2716812522804,1.096049974638,-1.36950511961522
0.938121768368168,"cleveland-guardians",2019,-0.254227575263132,-1.45467406371551,-0.118337149742231,-0.501699936728445,0.195429571728687,0.749928930015476,-1.00140663324864
-1.87234011745048,"miami-marlins",2019,-0.465107591610434,-1.09622119260003,-0.798438108917494,-1.09215429976431,2.82079060185239,1.32679733771969,-1.21487790832941
-0.467109174541155,"detroit-tigers",2015,-0.465107591610434,-0.557853436110316,0.430931516288323,0.543841631574576,0.248783220210305,-1.096049974638,-0.150981176861861
-0.545177560258339,"los-angeles-angels",2016,-0.148787567089484,0.699255928787656,1.4706773481046,0.773182446269784,0.256672751277969,-0.980676293097161,-0.327897552597477
-0.0767672459552316,"los-angeles-angels",2017,1.11649253099431,-0.50599021660193,1.34440920028266,0.619443564836985,0.702000179876987,-0.749928930015476,0.033281214422569
-0.857451103127078,"minnesota-twins",2014,-0.886867624305032,0.0580796663698146,-0.168609924348643,-0.867288627203652,1.30330315585575,0.980676293097161,0.121681325904925
0.157437911196322,"minnesota-twins",2015,0.272972465605117,0.701550761509266,-0.860270449345764,-0.509389517227685,0.441373681277421,0.749928930015476,0.401290644578475
-1.63813496029892,"texas-rangers",2021,-0.886867624305032,-1.85764668963023,2.47828842633312,-0.71053285993448,0.200275993405412,0.519181566933791,-0.256386192076137
-1.01358787456145,"texas-rangers",2022,-0.675987607957733,2.30747470009196,0.723428090139438,0.314718591468844,1.17180599775738,0.0576868407704212,-0.888447718365856
1.09425853980254,"new-york-yankees",2012,2.69809265359906,0.0268699413559183,-0.375064721081674,1.74259069468085,-0.672741522212229,-1.67291838234222,1.24769571356286
-0.154835631672416,"pittsburgh-pirates",2012,0.378412473778764,0.914970204618998,-0.906661832739108,-1.36576802892045,0.415370070417603,1.44217101926053,-0.636762095363045
0.313574682630691,"new-york-yankees",2013,2.06545260455716,-0.109902088852039,-0.446624470253338,1.91132931832724,-0.821788166079408,-1.55754470080137,0.38504573895454
1.01619015408535,"pittsburgh-pirates",2013,0.378412473778764,0.486295452222245,-1.04962857540359,-1.16992961322415,2.07547307135501,1.32679733771969,-0.882894217941267
-0.623245945975524,"philadelphia-phillies",2014,1.32737254734161,0.0319185733434603,-0.841215104662063,0.787653239840637,0.346712580344075,-1.44217101926053,0.0448995118301434
1.32846369695409,"pittsburgh-pirates",2015,1.22193253916796,1.04761153592806,-0.932562575446058,-0.641611785402792,-1.06209716513105,0.865302611556318,0.37573513649459
0.157437911196322,"washington-nationals",2015,0.167532457431466,0.425252901827419,-0.978709246064029,0.60987845431215,-0.710892037472172,-1.21142365617885,0.481812301733061
1.09425853980254,"washington-nationals",2016,0.694732498299714,-1.01406618116639,-0.23723463866194,0.117154837074081,0.276666969352467,-0.0576868407704212,0.980150577413716
1.25039531123691,"washington-nationals",2017,1.32737254734161,0.379356247395218,-0.738631375602328,0.502926467524841,-0.679368558388632,-0.403807885392949,0.694259430391041
1.48460046838846,"new-york-yankees",2018,-0.359667583436783,-0.92732150428953,-0.538395466026829,0.882839540068283,-0.166545494144621,-1.21142365617885,2.37573569853982
0.0793695254791376,"washington-nationals",2018,-0.465107591610434,-0.316437033796941,1.39988921250909,0.486744188312377,-0.645003448067672,-0.634555248474633,0.662051544182207
0.391643068347876,"toronto-blue-jays",2020,-0.254227575263132,0.506948946716735,-0.209341148015744,-0.0497883132299539,-0.400389112193925,0.173060522311264,-0.221223831560152
0.391643068347876,"los-angeles-dodgers",2012,1.22193253916796,-0.21087472860288,-0.842049096004493,-0.305828976743063,-0.876809401498391,-0.749928930015476,-0.966710178237935
0.860053382650984,"los-angeles-dodgers",2013,1.32737254734161,4.38751107895929,0.269278289869611,1.95245851494018,-1.55648485636294,-1.67291838234222,0.120297675437862
1.01619015408535,"los-angeles-dodgers",2014,1.11649253099431,-0.183795702487882,-0.917971401593124,2.05760270615721,-1.31325531901366,-1.67291838234222,0.841734961967616
0.860053382650984,"los-angeles-dodgers",2015,0.483852481952415,0.835110025906969,3.17115508344574,3.18167077134522,-1.59082443673071,-1.67291838234222,1.32672800914759
0.781984996933799,"los-angeles-dodgers",2016,0.694732498299714,-0.824054031817079,2.09783549703051,2.52039829655057,-1.22823994847672,-1.67291838234222,0.852952247542806
-0.779382717409893,"philadelphia-phillies",2016,-1.09774764065233,-1.51663454719898,0.230528516902685,-0.557261164811829,1.18949218059972,0.403807885392949,-0.598510468097005
-0.310972403106785,"miami-marlins",2017,1.11649253099431,1.66033187259793,-0.263046218213207,-0.427484858879112,-0.212320709434966,0.519181566933791,1.18494473999829
-1.16972464599582,"san-diego-padres",2018,-2.04670771421518,1.32023766325533,1.60139976648866,-0.55658729769716,0.508939471572058,0.980676293097161,0.348848790347648
1.01619015408535,"oakland-athletics",2012,-0.675987607957733,-1.21279869485782,-0.865624004433119,-1.37802392092157,-0.704574901745619,1.55754470080137,-0.884009836828519
1.17232692551972,"oakland-athletics",2013,0.167532457431466,0.20816172636311,-0.979645216247325,-1.25356705652548,-0.382677364428647,1.44217101926053,-1.40728816623787
0.547779839782245,"oakland-athletics",2014,1.32737254734161,1.47628628832481,0.27280837339026,-0.765348007355822,-0.57219721180875,0.634555248474633,-0.0648520850465687
-1.01358787456145,"oakland-athletics",2015,0.0620924492578144,-0.909880775605294,0.689643271530942,-1.00180592922824,-0.811959661963101,1.21142365617885,-0.367732516446383
1.09425853980254,"texas-rangers",2016,-0.254227575263132,0.0172316439251562,-0.696100671817088,0.560109410417587,-0.248635875422734,-0.865302611556318,-0.202638007499145
-0.232904017389601,"texas-rangers",2017,0.483852481952415,-0.281096609884147,0.956216022294207,0.56727501274333,-0.266878184498231,-0.634555248474633,0.177405747188055
-0.701314331692708,"atlanta-braves",2017,-0.570547599784082,0.144824343246674,0.177616804429701,-0.532318745402527,1.6028256065068,0.634555248474633,-1.03518914026778
0.703916611216614,"atlanta-braves",2018,-0.78142761613138,0.826389661564851,1.47467177244623,-0.0478628895207507,0.979651761394812,0.288434203852106,-0.0726945544520009
1.25039531123691,"atlanta-braves",2019,0.905612514647013,0.167772670462774,-0.0195429155368805,0.199632705810468,0.792119671414201,-0.173060522311264,2.4052125276212
1.01619015408535,"atlanta-braves",2020,1.32737254734161,-0.0690540664073808,-1.0394298409871,0.331514487393196,0.0346253700361562,-0.403807885392949,2.27725894585509
0.62584822549943,"atlanta-braves",2021,0.378412473778764,-0.236117888540591,-0.0229708380031294,0.366054448221678,-0.521873885108431,-0.634555248474633,1.46107422175751
1.56266885410564,"atlanta-braves",2022,1.22193253916796,0.525307608489616,-0.449624676818823,0.87982960910902,-1.27228796831915,-0.749928930015476,2.11952296519944
1.7968740112572,"atlanta-braves",2023,0.694732498299714,0.379356247395218,-0.404864894141501,1.37688112541763,-1.36829167792598,-0.634555248474633,2.1118596437527
0.313574682630691,"chicago-white-sox",2012,0.0620924492578144,-0.956236396581816,-1.05637405967269,-0.463857051843361,0.1054958218189,-0.403807885392949,1.30090084510323
0.703916611216614,"texas-rangers",2013,0.694732498299714,-0.304044937100247,-0.304276221059102,0.0860335385288747,-1.08053562721693,-0.865302611556318,-0.503445034273031
-0.779382717409893,"boston-red-sox",2014,-0.148787567089484,-0.413278974648885,2.6289810228143,0.693803088680187,-1.59270894788409,-1.21142365617885,0.777524225941973
0.703916611216614,"st-louis-cardinals",2014,-0.359667583436783,-0.248051018692963,-0.75398614563595,-0.227629075595363,0.5562278173849,-0.519181566933791,0.544097801266239
-1.09165626027863,"atlanta-braves",2015,-0.992307632478683,-0.525266811463454,1.5909661588276,-0.424694082145272,-1.2165857123732,0.403807885392949,-1.00705393609668
-1.01358787456145,"atlanta-braves",2016,-1.20318764882598,-0.905291110162074,1.40517079325075,-0.705017831378277,0.931897518653019,0.980676293097161,-0.201575718784567
0.001301139761953,"arizona-diamondbacks",2012,0.800172506473365,0.925526435138404,-0.593837031197715,-0.963361655363572,-1.59615292807476,0.865302611556318,-0.745666104932317
0.001301139761953,"arizona-diamondbacks",2013,0.378412473778764,0.0374261718753244,-0.497862976586838,-0.851753548443897,-1.06529139330979,0.403807885392949,0.148766063746003
-1.32586141743019,"arizona-diamondbacks",2014,-0.886867624305032,0.645097876557659,0.608630102032293,-0.511064508663596,-1.29925456767474,0.173060522311264,-0.236108645191361
-0.154835631672416,"arizona-diamondbacks",2015,-1.94126770604153,-1.56757983361873,0.750195197459921,-1.06974882297349,-0.448765790698898,1.44217101926053,-0.197596493991177
-0.935519488844262,"arizona-diamondbacks",2016,-1.94126770604153,0.969128256848994,-0.0400003326223483,-0.671115659239461,1.21979319300753,0.749928930015476,-0.493378316970097
0.938121768368168,"arizona-diamondbacks",2017,0.483852481952415,-0.0690540664073808,-1.00469799790762,-0.581439454897025,1.81328906531931,0.865302611556318,-0.696676559581702
0.0793695254791376,"arizona-diamondbacks",2018,1.11649253099431,1.45746866000761,-0.758195338995629,0.157613039238984,-0.124963032887014,-0.0576868407704212,0.278667146057253
1.95301078269157,"los-angeles-dodgers",2019,0.483852481952415,-0.120917285915767,1.44915732243011,1.3912762658008,-0.456946571440034,-1.32679733771969,0.267420433962836
2.73369463986341,"los-angeles-dodgers",2020,0.167532457431466,-0.32286256541745,-0.0726506290339723,1.36448139219457,-0.153634133541589,-1.32679733771969,1.46386853295708
1.95301078269157,"los-angeles-dodgers",2021,0.800172506473365,1.04256290394052,-0.726615547092804,2.49389976118638,-0.449246322448808,-1.67291838234222,1.98874089950175
0.001301139761953,"chicago-white-sox",2022,1.85457258820986,1.73652031895539,0.436877386834958,1.31954487284252,-1.4127442039876,-0.980676293097161,0.57652944983388
2.34335271127749,"los-angeles-dodgers",2022,1.74913258003621,-0.204449196982372,-0.776278149313662,2.58911422110667,-1.11839837224121,-1.67291838234222,1.40776234357702
-0.154835631672416,"san-francisco-giants",2023,0.272972465605117,0.413319771675046,-0.17259712088678,1.02080339948107,-1.30566854687335,-0.403807885392949,-0.293335976324457
0.547779839782245,"seattle-mariners",2023,-1.09774764065233,0.188885131501586,0.392219643736348,-0.102395306068314,-0.359244096690867,0.288434203852106,-1.34668929813657
1.25039531123691,"oakland-athletics",2019,0.694732498299714,0.755708813739262,-0.257720359582931,-0.656562408796797,-0.604283813752939,1.096049974638,0.32939078496753
1.25039531123691,"oakland-athletics",2020,1.53825256368891,0.147119175968284,-1.09331256937964,-0.47841202210618,-0.316157439440983,0.634555248474633,-0.0816277898486815
-1.63813496029892,"oakland-athletics",2022,-0.78142761613138,-2.42171657260198,0.294722041034762,-1.60531028759772,-0.298268937776836,1.55754470080137,-1.30918584659396
0.235506296913507,"miami-marlins",2023,0.905612514647013,0.95214649470908,-0.450380255604041,-0.528213213408249,0.726009306110276,0.749928930015476,0.31478116538269
-0.935519488844262,"miami-marlins",2012,-0.570547599784082,2.04632273637274,-0.0524589400180647,-0.666471974729753,0.542651899471694,-0.0576868407704212,-0.684499072014057
-1.48199818886455,"miami-marlins",2013,-1.73038768969423,-3.1877317350754,-0.681296308130061,-1.83652869232289,-0.907152479340759,1.55754470080137,-1.44470782555125
-0.310972403106785,"miami-marlins",2014,-1.09774764065233,1.52723157474455,-0.617949773239131,-1.56532392092712,-0.810088156582579,1.67291838234222,-0.862284004688116
-0.779382717409893,"miami-marlins",2015,-0.78142761613138,0.891103944314254,0.0859577485035696,-1.31905236506796,-0.0713010131690469,1.67291838234222,-0.722150001331911
-0.0767672459552316,"miami-marlins",2016,0.167532457431466,0.72771185453562,-0.490828926818662,-1.05210639755059,0.326186248396122,1.44217101926053,0.404843573169589
-0.857451103127078,"new-york-mets",2017,-1.30862765699963,-0.408230342661343,1.95313699694447,0.20043015428768,0.0241218218942816,-0.0576868407704212,0.524891517752932
-0.310972403106785,"new-york-mets",2018,0.0620924492578144,-0.0942972263450911,-0.170029732200995,0.317563684280975,0.269960494109078,-0.403807885392949,0.301846872613839
-0.857451103127078,"colorado-rockies",2020,0.589292490126063,-0.622567718859719,0.773690053409535,0.23409000187679,1.37838337337662,-0.0576868407704212,0.686771287343209
-0.310972403106785,"los-angeles-angels",2021,0.905612514647013,0.459216426107247,1.73403232934348,0.953737878602409,1.53253287728722,-0.980676293097161,-0.801328652859772
0.235506296913507,"houston-astros",2016,-1.09774764065233,0.74377568358689,-0.131077155571381,-0.634181859948662,-0.410894714780235,0.519181566933791,-0.260140101204721
1.56266885410564,"houston-astros",2017,0.272972465605117,1.47904008759074,-0.90067095544972,0.0937267098614043,0.607466765926206,0.173060522311264,1.32327742616293
2.03107916840875,"houston-astros",2019,0.694732498299714,-0.195728832640254,-0.992225420807672,0.637908952552578,0.968598509489075,-0.980676293097161,0.778715956823234
-0.232904017389601,"pittsburgh-pirates",2016,0.167532457431466,-0.287981108048977,0.798950862187139,-0.640052040816365,-1.37225133220492,0.634555248474633,1.5480479668578
-0.467109174541155,"pittsburgh-pirates",2017,-0.148787567089484,-0.246215152515675,-0.226712293010111,-0.621438408383264,-0.954586056807678,0.980676293097161,0.497196762127666
-1.40392980314737,"philadelphia-phillies",2015,-0.465107591610434,-1.16552514079265,2.04115597311362,0.157576034756975,0.838769037837103,-0.749928930015476,-0.376013535912537
-1.16972464599582,"philadelphia-phillies",2017,-2.67934776325708,-0.286145241871689,2.79855434267633,-0.55495549075634,-0.376716112178447,0.749928930015476,0.479420641966649
-0.0767672459552316,"philadelphia-phillies",2018,-0.886867624305032,-0.279260743706859,-0.678865701070024,-0.549726802806328,2.13117294050628,0.865302611556318,-0.0541572280561105
0.001301139761953,"philadelphia-phillies",2019,-0.359667583436783,2.14362364376901,-0.887571320843458,0.496146350602337,-0.666495606179245,-0.749928930015476,2.36360256648796
-0.310972403106785,"san-francisco-giants",2019,-0.0433475589158331,-0.896111779275634,0.797380849645411,0.854187997760794,-0.484625597436493,-1.21142365617885,1.28259737755514
1.09425853980254,"milwaukee-brewers",2021,1.11649253099431,0.577629794542324,-0.476610501117246,-0.642711544244773,0.225480754464666,0.403807885392949,-0.719648488313373
0.391643068347876,"milwaukee-brewers",2022,0.694732498299714,1.15822247310966,0.51228414959972,-0.0494319891728536,0.119300642967914,0.403807885392949,0.491196168459354
0.860053382650984,"milwaukee-brewers",2023,1.11649253099431,-0.482123956297185,-0.274753862899885,-0.152072745915737,-0.178751039949955,0.403807885392949,-0.514153784722714
1.17232692551972,"washington-nationals",2014,0.589292490126063,0.759380546093838,-1.09188741659698,0.186981897743951,-0.653552332544012,-0.865302611556318,0.826184643010101
0.938121768368168,"washington-nationals",2019,1.43281255551526,-0.993412686671899,-0.246051404903181,0.0267866791566682,2.13966325433075,0.0576868407704212,0.536020610065222
-0.857451103127078,"washington-nationals",2020,1.53825256368891,0.355489987090474,-0.666693108183921,0.385896826008361,0.298242328670399,-0.519181566933791,0.13143781348171
1.09425853980254,"kansas-city-royals",2015,1.01105252282066,1.0108942123823,-0.854343529006604,-0.129554630354351,-1.66979195494808,-0.288434203852106,1.00334488778775
1.7968740112572,"chicago-cubs",2016,0.272972465605117,1.48087595376803,0.0788936942402255,0.963242889917443,-0.64206460386436,-1.21142365617885,1.31303268273342
1.09425853980254,"milwaukee-brewers",2018,0.905612514647013,2.37356588247433,-0.408796940716858,-0.461193012625534,0.0678717729973425,0.749928930015476,0.482319801321236
-2.10654527460203,"baltimore-orioles",2019,-1.41406766517328,-2.30100837144529,-0.56043953782341,-1.13523639941068,3.34746129817659,1.44217101926053,-0.967435744729582
-1.09165626027863,"chicago-white-sox",2017,-1.62494768152058,-1.85626978999727,1.62444467648643,-0.905072509028045,1.54872520075355,1.21142365617885,-0.114815466964528
-1.48199818886455,"chicago-white-sox",2018,-1.09774764065233,-1.0246224116858,-0.633630705497562,-1.16314815446395,2.2561565292511,1.55754470080137,-0.613579521078792
-0.701314331692708,"chicago-white-sox",2019,-0.359667583436783,0.956277193607978,-0.305691595048807,-0.79402196402269,-0.287050963183292,1.21142365617885,-0.046592110066491
1.01619015408535,"chicago-white-sox",2020,-0.570547599784082,1.36475741805456,-0.62566190030298,-0.170777283128443,0.0306923703808022,0.288434203852106,-0.480350480662123
0.938121768368168,"chicago-white-sox",2021,0.167532457431466,0.320149563177679,-0.486784758182411,0.142523450596657,-0.114301547003012,-0.173060522311264,0.80088068420347
-1.56006657458174,"chicago-white-sox",2023,0.0620924492578144,-1.20270143088273,1.25717872281043,0.557126108322037,-1.02026012609521,-0.0576868407704212,0.911015602483119
1.01619015408535,"cleveland-guardians",2020,-0.0433475589158331,-3.25106911819184,-0.901618283609933,-1.80363690507538,1.21964557599131,1.67291838234222,-1.95189718400013
-0.0767672459552316,"cleveland-guardians",2021,-1.30862765699963,1.24680301616381,-0.379011466215393,-1.56322885869365,0.0610866730687006,1.55754470080137,-1.42579183767042
0.860053382650984,"cleveland-guardians",2022,-2.36302773873613,1.1403227778811,-0.819587512265018,-1.26449122185408,1.28452631173471,1.32679733771969,-1.75157654269612
-0.38904078882397,"cleveland-guardians",2023,-1.62494768152058,1.46068142581786,0.74608798294111,-0.784753342932871,-0.12055982674335,1.21142365617885,-1.53033174773737
1.40653208267128,"tampa-bay-rays",2023,-0.359667583436783,-1.17791723748934,-0.92062358030979,-1.02113137821414,-1.10583938559002,1.32679733771969,-0.903147602288263
-0.935519488844262,"boston-red-sox",2012,0.694732498299714,-0.218218193312032,-0.685723793302768,0.752783338130175,-0.618277974021933,-1.44217101926053,-0.490880773511338
-0.701314331692708,"kansas-city-royals",2012,-1.51950767334693,1.31886076362236,-0.943527760721924,-1.19141317191646,-1.10583828454368,1.096049974638,-0.195984766426418
0.391643068347876,"kansas-city-royals",2013,0.378412473778764,0.625362315151813,-0.711483199045634,-0.925801142268937,-0.112810924137169,0.634555248474633,-0.837563571168891
0.62584822549943,"kansas-city-royals",2014,0.905612514647013,0.478493020968771,-0.815539942309477,-0.658192099035888,-0.730280273169846,0.288434203852106,-0.0900415306830746
-1.01358787456145,"cleveland-guardians",2012,-0.78142761613138,1.43865103169041,-0.736122963363524,-1.06454321085215,-1.1709075630085,0.980676293097161,-0.34348929304833
-1.48199818886455,"pittsburgh-pirates",2022,-1.83582769786788,-0.13744008151136,-0.306168933768504,-1.45902858415381,-0.0582260095801524,1.44217101926053,-1.34805059825619
-0.38904078882397,"san-diego-padres",2012,-0.359667583436783,1.21972399004881,-0.945303431605031,-1.31450523617551,-0.961477441922355,1.32679733771969,-0.287095655763449
-0.545177560258339,"new-york-mets",2013,0.167532457431466,-0.452750097460577,0.703591960465063,-0.606360990775877,1.83587793647379,-0.0576868407704212,-0.680487918152885
-0.779382717409893,"seattle-mariners",2013,-0.992307632478683,-0.377020617647446,0.0366978989293985,-0.957521656394627,0.524606697778633,0.749928930015476,-1.44992676112235
-0.154835631672416,"atlanta-braves",2014,-0.886867624305032,0.767641943891634,-0.243751444946601,-0.312198170043337,-0.336936432085637,-0.403807885392949,-0.514525542625427
-0.154835631672416,"new-york-mets",2014,-0.359667583436783,-0.600996291276585,0.0715077294011856,-0.735305489626534,0.652234070749385,0.519181566933791,-0.730636661253535
0.469711454065061,"seattle-mariners",2014,-0.359667583436783,1.52906744092184,-0.340712003627375,-0.337362975428023,1.54065112589523,-0.288434203852106,-0.772144708254207
-1.16972464599582,"minnesota-twins",2013,-0.675987607957733,-1.42438227179026,-0.0625885547675443,-0.984340494088285,1.79902037696744,0.865302611556318,-0.989578294351926
0.235506296913507,"new-york-yankees",2016,-0.254227575263132,-0.302209070922959,1.951191199359,1.65099862958523,-0.91735452341027,-1.55754470080137,-0.0442678465215316
0.781984996933799,"new-york-yankees",2017,-0.359667583436783,-0.534905108894216,1.09674462640594,1.42990017582557,-0.814715591399633,-1.44217101926053,2.46993050435069
1.71880562554001,"new-york-yankees",2019,0.800172506473365,0.802064434715785,-0.628117106190027,1.69400662577198,-0.982882234255074,-1.55754470080137,2.21266195440406
0.62584822549943,"new-york-yankees",2020,1.22193253916796,0.280219473821665,0.356489391969448,2.21934513921265,-0.654865001137262,-1.67291838234222,1.61293982756453
0.860053382650984,"new-york-yankees",2021,1.11649253099431,-1.11779262018316,-0.363452374072971,1.36612245970545,0.0970237603273239,-1.55754470080137,1.3192288203682
1.40653208267128,"new-york-yankees",2022,1.85457258820986,0.763511244992736,-0.364340239883446,2.25981163809237,-0.543631365110971,-1.44217101926053,1.9609190316688
1.56266885410564,"baltimore-orioles",2023,0.167532457431466,2.38458107953806,-0.501204529838249,-1.17786605406252,0.401529290979256,1.55754470080137,-1.24540623927815
0.0793695254791376,"new-york-yankees",2023,0.694732498299714,0.174657168627604,1.07913854742916,2.74540474867532,-0.0525261832792376,-1.55754470080137,-0.00933934485335463
0.938121768368168,"boston-red-sox",2016,0.694732498299714,0.315559897734459,-0.966868524760115,1.40560221649621,-0.507972547220734,-1.44217101926053,1.00817998418725
-0.623245945975524,"milwaukee-brewers",2016,-0.78142761613138,-1.84663149256651,-0.596115672170886,-1.34606552353998,2.38802876355444,1.67291838234222,-1.08368205917222
-1.32586141743019,"san-francisco-giants",2017,0.272972465605117,-0.00984738218984215,-0.714197634052883,1.0663246576857,-0.512333412785287,-1.32679733771969,0.596161252896463
-0.623245945975524,"toronto-blue-jays",2012,0.272972465605117,1.11599755103204,-0.791395616588937,-0.705944001779373,-1.51408326683018,0.288434203852106,0.579114064723427
-0.545177560258339,"toronto-blue-jays",2013,1.53825256368891,1.41662063756295,-0.759229097108523,-0.0304980355111644,-1.11551231760457,-0.749928930015476,-0.184186371817599
0.157437911196322,"toronto-blue-jays",2014,0.167532457431466,0.0580796663698146,-0.785185657894543,0.159268129898821,-0.568434971572379,-0.749928930015476,-0.615490691522477
0.938121768368168,"toronto-blue-jays",2015,1.64369257186256,-0.405017576851088,0.431317626765625,0.0930738018736753,-0.580388201671081,-0.634555248474633,-1.54546146594794
0.62584822549943,"toronto-blue-jays",2016,1.96001259638351,0.0424748038628664,-0.332169043589009,0.28349786463975,-0.641268604921653,-0.519181566933791,1.26361373456853
-0.38904078882397,"toronto-blue-jays",2017,0.905612514647013,0.550550768427326,0.564931045070811,0.798158921897972,-0.761638465724786,-1.096049974638,0.145094307245874
-0.623245945975524,"toronto-blue-jays",2018,-1.09774764065233,-0.93650083517597,1.86021501901825,0.331892243055301,0.22308379544477,-0.519181566933791,0.00943149521123177
-0.857451103127078,"san-diego-padres",2019,-2.36302773873613,-0.277424877529571,0.440670768911389,-0.550514537134534,-0.0415620103608046,0.980676293097161,0.0830405954858361
2.10914755412594,"tampa-bay-rays",2020,0.0620924492578144,-0.093379293256447,-0.973428029749439,-1.25549287711626,1.2070439032632,1.32679733771969,-1.3304810677932
-0.310972403106785,"new-york-mets",2021,1.85457258820986,0.0245751086343082,-0.521660246264071,1.28144165254392,-0.100316826947303,-1.44217101926053,2.47751357165409
-0.623245945975524,"los-angeles-angels",2022,-0.148787567089484,-0.390789613977106,1.92261878108731,0.878675307399276,2.1169772981717,-0.634555248474633,0.123910320015206
-0.623245945975524,"los-angeles-angels",2023,-1.09774764065233,1.00079694840721,0.615251073720222,1.83603804884178,0.824207278265824,-0.865302611556318,0.580477177033377
-0.38904078882397,"philadelphia-phillies",2020,0.483852481952415,0.71164802548435,-0.938496359161643,1.15552543570055,-0.456783681397522,-1.21142365617885,0.305728411718772
0.0793695254791376,"philadelphia-phillies",2021,0.272972465605117,-0.38482304890092,-0.261764831908404,1.0810084254689,-0.265330327180137,-1.21142365617885,0.162924361643009
0.469711454065061,"philadelphia-phillies",2022,0.483852481952415,1.00630454693908,0.779360660045027,2.09967742587277,-0.925117405386917,-1.32679733771969,0.535582232594056
0.703916611216614,"philadelphia-phillies",2023,0.589292490126063,-0.274212111719317,-0.896970077110419,2.11735184751019,-0.849441185420252,-1.21142365617885,0.401721341814418
-0.154835631672416,"san-diego-padres",2021,1.32737254734161,0.0796510939529488,-0.945328334121264,0.876587615823611,0.486022977627727,-0.865302611556318,1.11829721203745
1.01619015408535,"san-francisco-giants",2012,1.22193253916796,0.140693644347776,-0.207468175105794,0.0691388379916806,-0.0163017027467225,-0.980676293097161,1.397063430732
-1.09165626027863,"toronto-blue-jays",2019,-2.46846774690978,-1.49506311961585,2.86910377854306,-0.416042044929585,0.267345088453755,0.634555248474633,-0.341571736791088
2.03107916840875,"san-francisco-giants",2021,1.85457258820986,1.49648081627498,-0.313130644763915,0.727718509103931,-0.334568510074163,-0.749928930015476,-1.59128304371116
-0.232904017389601,"minnesota-twins",2022,-0.886867624305032,0.802523401260107,0.0336041560834285,0.320880555890041,-0.112431585835101,-0.0576868407704212,0.117992914512683
-2.02847688888485,"washington-nationals",2022,1.01105252282066,-0.0245343116081463,0.456521402707272,-0.124268545769067,2.02234161885894,0.519181566933791,-0.700194107313923
0.313574682630691,"minnesota-twins",2017,-0.0433475589158331,0.831897260096715,0.0840395866373339,-0.233140040840212,0.231976346387866,0.403807885392949,2.25137499984694
-0.232904017389601,"minnesota-twins",2018,-0.78142761613138,-0.501859517703031,0.677279354434756,-0.33782891439608,0.132834549663778,0.634555248474633,-0.104455520006668
0.391643068347876,"milwaukee-brewers",2017,0.167532457431466,0.209079659451754,-0.733716226276364,-1.21785410275503,4.07066662758744,1.67291838234222,-0.756564703893134
-0.623245945975524,"san-francisco-giants",2018,0.589292490126063,0.0920431906496429,0.183573364836962,1.36603713016701,-1.04561926866507,-1.55754470080137,0.890024397786031
-0.310972403106785,"san-diego-padres",2014,-0.254227575263132,0.442234663967333,-0.0922560156372022,-0.9143948981216,-1.20066667078641,1.096049974638,0.136803363880274
0.001301139761953,"cleveland-guardians",2015,-0.78142761613138,-0.676266804545393,0.710838410475353,-1.05798200246647,-0.745114984121378,1.32679733771969,-1.3195986922506
-0.545177560258339,"san-diego-padres",2015,-0.254227575263132,0.945720963088572,-0.90174091331792,-0.481353538241708,1.00015115686729,0.519181566933791,1.82204173916153
1.09425853980254,"cleveland-guardians",2016,0.272972465605117,1.40239267468897,0.768418798101438,-0.51809350813134,-2.10984694082044,0.288434203852106,-0.654094832955784
1.64073723982283,"cleveland-guardians",2017,0.0620924492578144,0.847043156059341,-0.492368874127377,-0.0212797994821404,-1.48161006533206,0.288434203852106,0.609308607471675
-1.79427173173329,"kansas-city-royals",2018,-1.20318764882598,-0.857558589552585,1.19642867003279,-0.0650143913355452,-0.0871996315511261,0.519181566933791,1.42732485193304
0.313574682630691,"arizona-diamondbacks",2019,-0.359667583436783,-1.01681998043232,0.497680949653581,-0.265664788228119,-0.237786994565331,0.403807885392949,-0.850186339789926
-0.232904017389601,"houston-astros",2020,-0.0433475589158331,1.22064192313745,-1.08500047388811,1.67877304471472,0.552895421527375,-1.55754470080137,-0.307236856899319
1.09425853980254,"houston-astros",2021,0.905612514647013,-0.86995068624928,-0.849082234705001,1.14976868736656,1.33119037763812,-1.32679733771969,-0.00529738375651221
0.703916611216614,"seattle-mariners",2021,-0.465107591610434,-1.32203273240645,-0.614034429571003,-0.93669310349266,1.57277828015357,1.096049974638,-1.20925977311626
0.703916611216614,"seattle-mariners",2022,-0.148787567089484,1.46159935890651,-0.269258849372758,-0.331603789107225,-0.205921002633416,0.634555248474633,-0.882372479714757
-0.701314331692708,"los-angeles-angels",2019,-0.675987607957733,-0.646892945708785,0.580112590772003,0.508112159970986,0.0670317703206443,-0.865302611556318,-0.697975641166533
1.56266885410564,"minnesota-twins",2019,-0.570547599784082,0.095714923004219,0.0633232441208867,-0.153628937467119,-1.34116579105579,0.288434203852106,0.326578351864621
0.781984996933799,"st-louis-cardinals",2019,-0.570547599784082,-0.00479875020230008,-0.102398749761088,0.763094945097749,-1.14520009163701,-1.096049974638,0.509575748001447
0.001301139761953,"kansas-city-royals",2016,0.483852481952415,0.254517347339633,-0.237059835145552,0.155019342555396,-2.12569334658033,-0.173060522311264,2.16076755424352
-0.0767672459552316,"kansas-city-royals",2017,0.483852481952415,-0.0763975311165328,0.112477409845678,0.280518285671348,-1.13339864730039,-0.288434203852106,1.61218172794165
-1.71620334601611,"kansas-city-royals",2019,-1.73038768969423,-1.18067103675528,0.30938160570057,-0.540739665248198,1.26310457449656,0.865302611556318,0.684020382416863
-0.857451103127078,"kansas-city-royals",2020,-0.992307632478683,-1.11595675400587,-1.01125780658616,-0.896421189979016,1.76624826348701,1.096049974638,0.0895423892235439
-0.545177560258339,"kansas-city-royals",2021,-0.465107591610434,0.00942921267168205,0.220303422261697,-0.789782059266877,0.102702176351097,0.749928930015476,-0.843503068134528
-1.247793031713,"kansas-city-royals",2022,-1.51950767334693,-0.240707553983811,0.206651134008594,-0.770539615227334,0.495780563818315,0.980676293097161,-0.719665229500264
-0.232904017389601,"boston-red-sox",2023,0.483852481952415,-0.917683206858768,0.263035472001358,0.936298448655126,-0.328517269231423,-0.288434203852106,0.975597492348031
0.781984996933799,"cleveland-guardians",2018,1.85457258820986,0.0846997259404909,-0.782978626840003,0.183695831704689,-1.01484335412531,-0.173060522311264,0.388497184886975
-1.09165626027863,"miami-marlins",2021,-0.78142761613138,-2.32762843101597,0.353933968639024,-1.42172421086749,0.373683439968223,1.32679733771969,-1.40406264003369
0.781984996933799,"toronto-blue-jays",2021,0.378412473778764,0.38899454482598,0.619614480467012,0.3166615535638,0.233820894254626,-0.403807885392949,-0.437364980770931
0.860053382650984,"toronto-blue-jays",2022,0.694732498299714,0.529897273932836,-0.616972379845905,0.824551414285375,0.0914012765966152,-0.519181566933791,-0.709248673168175
0.62584822549943,"toronto-blue-jays",2023,1.85457258820986,0.683651066280707,-0.506405632935981,1.53547791291457,-1.09123047923136,-0.749928930015476,-0.0314906965430335
-1.40392980314737,"miami-marlins",2018,-1.41406766517328,-1.08291116281469,0.783930939890085,-0.788459971146878,0.194362896921066,1.21142365617885,0.783766099808981
1.48460046838846,"tampa-bay-rays",2021,0.272972465605117,-0.0254522446967903,-0.72251549963964,-1.18211306488842,0.595741192761855,1.21142365617885,-0.808759150996041
-1.40392980314737,"chicago-white-sox",2013,-0.992307632478683,-0.167731873436612,0.64076230463058,-0.40835902242588,0.0500832606538719,-0.403807885392949,0.248262130345979
-0.623245945975524,"chicago-white-sox",2014,-0.992307632478683,-1.21463456103511,0.625483456902546,-0.833216835439692,0.564686572338021,0.865302611556318,-1.16013992265119
0.547779839782245,"san-francisco-giants",2014,1.01105252282066,0.364669317976914,-0.644563092337414,0.509367005012849,-0.691809992158174,-0.980676293097161,2.62867104251457
-1.01358787456145,"cincinnati-reds",2017,-2.25758773056248,0.112696685144133,-0.164639552193425,-0.698301650187457,2.08001908821529,1.096049974638,-0.950591090400016
-1.09165626027863,"cincinnati-reds",2018,-1.20318764882598,-0.107607256130429,-0.17438913025005,-0.625166487101398,2.45411542381077,1.096049974638,-0.949003784257372
-0.38904078882397,"chicago-white-sox",2015,-0.570547599784082,1.22844435439093,-0.550370660918401,-0.274215091466963,-0.918807123554516,-0.0576868407704212,-0.666545184610796
-0.232904017389601,"chicago-white-sox",2016,-0.886867624305032,0.126924648018115,0.659205290366326,-0.0693448417876331,-0.00726029943963585,0.0576868407704212,-0.146003176310345
0.0793695254791376,"san-diego-padres",2023,1.53825256368891,0.353195154368864,-0.102809216114022,2.31818135138745,-1.29834715122063,-1.44217101926053,2.75904130953265
0.0793695254791376,"pittsburgh-pirates",2018,-1.20318764882598,-0.724458291699204,-0.037751635406502,-0.800548587014044,-0.747480456702796,1.32679733771969,-1.15917273078173
-0.935519488844262,"pittsburgh-pirates",2019,-1.09774764065233,-1.24217255369443,0.117799745680975,-1.15678546246184,0.208996167578889,1.55754470080137,-0.628065135067949
-2.34075043175358,"pittsburgh-pirates",2020,-0.465107591610434,-0.90666800979504,-0.952135953205252,-1.33955256461425,-0.413956141435973,1.55754470080137,-1.10170877936794
-1.56006657458174,"pittsburgh-pirates",2021,-1.09774764065233,-0.890145214199448,0.113940402305449,-1.49356527543409,-0.7768147087233,1.44217101926053,-0.934965608691048
0.938121768368168,"baltimore-orioles",2012,-0.886867624305032,-0.732719689497,-0.928127558780637,-0.953512283136029,-0.344856813628971,0.749928930015476,-0.774204909779133
0.313574682630691,"baltimore-orioles",2013,-0.254227575263132,0.676766568115877,-1.02596274242179,-0.622802187967671,-0.627403352776103,0.0576868407704212,-0.112614691246584
1.17232692551972,"baltimore-orioles",2014,0.167532457431466,0.308675399569629,-0.961524930679253,-0.374617511728107,-0.488998588673973,-0.173060522311264,-0.719463386015017
0.001301139761953,"baltimore-orioles",2015,-0.359667583436783,-0.091543427079159,0.252846759329208,-0.281132378221144,-0.874485868652663,0.0576868407704212,-0.039571080650829
0.62584822549943,"baltimore-orioles",2016,0.694732498299714,0.937459565290776,-0.931748384640926,0.318713601394281,-0.467105297624699,-0.749928930015476,-0.493138676372178
-0.467109174541155,"baltimore-orioles",2017,0.0620924492578144,0.473444388981229,-0.658792815277902,0.792077562234573,-0.994185768927037,-0.980676293097161,1.27525688487211
-2.65302397462232,"baltimore-orioles",2018,-1.73038768969423,-1.46660719386789,1.54500771478965,-0.0561547472583308,0.123237979720256,0.403807885392949,0.653077405060854
0.703916611216614,"tampa-bay-rays",2018,-1.41406766517328,-0.822677132184113,1.08297754362679,-1.22040571109263,-0.860658804944467,1.67291838234222,-1.08106905330078
1.17232692551972,"tampa-bay-rays",2019,-0.570547599784082,-0.600537324732263,-0.548418789548484,-1.3079359578645,0.582097624108195,1.67291838234222,-1.45106205521894
1.48460046838846,"los-angeles-dodgers",2023,2.27633262090446,-0.802482604233945,1.01365768468352,2.02019147723183,-1.00968084187795,-1.096049974638,1.17681249272904
-0.467109174541155,"new-york-mets",2023,0.589292490126063,0.996666249508315,8.50900870915037,3.97297678802999,-0.499286179479301,-1.67291838234222,2.17496149188376
1.32846369695409,"washington-nationals",2012,-0.675987607957733,1.11966928338661,-1.07462857587704,-0.667905132993147,-0.198108464667238,0.0576868407704212,-0.351363691521544
0.391643068347876,"washington-nationals",2013,-1.09774764065233,0.576252894909358,-0.660569883131432,-0.317520408650114,-0.194658525712004,-0.519181566933791,-0.0941491621058142
1.7968740112572,"los-angeles-dodgers",2017,0.694732498299714,-0.418786573180749,1.41998955180692,2.3809397622304,-1.04179715798656,-1.67291838234222,0.127032637665155
0.781984996933799,"los-angeles-dodgers",2018,1.01105252282066,-1.34957072506577,0.754850813976461,1.25106804108617,-0.276683486360102,-1.44217101926053,0.809843346119377
-1.01358787456145,"milwaukee-brewers",2015,-1.41406766517328,-0.914470441048514,0.935168051146949,-0.744134479326925,-0.0442178065133039,0.980676293097161,-0.683917013737873
0.391643068347876,"seattle-mariners",2016,0.800172506473365,0.471608522803941,-0.496961566237045,0.257437373138688,0.551726965667974,-0.288434203852106,-0.235796603274877
-0.467109174541155,"seattle-mariners",2012,-1.20318764882598,-1.06730630030774,-0.418792567781435,-0.92785181046347,1.09221370565495,0.634555248474633,-1.00980579026559
-0.779382717409893,"chicago-cubs",2021,0.167532457431466,-1.68782906823109,3.24223135937542,0.201318639838353,-0.209374232385766,-0.288434203852106,-0.295265354966256
-2.41881881747077,"oakland-athletics",2023,-1.83582769786788,1.01594284436984,-0.116654650712543,-1.3445151151201,-1.34930452586685,1.67291838234222,-0.675704167146172
-1.32586141743019,"colorado-rockies",2012,-0.675987607957733,-0.0516133377231446,-0.442125314424156,-0.87223923346404,-0.695648223166561,0.519181566933791,-0.0223432775078814
-0.545177560258339,"colorado-rockies",2013,0.0620924492578144,-0.723999325154882,-1.01152559974244,-1.02750008013723,0.0882855883975507,0.980676293097161,0.0799591815605591
-1.16972464599582,"colorado-rockies",2014,-0.0433475589158331,0.739644984687992,-1.08785545626747,-0.691944703518615,0.0775949077656577,0.403807885392949,0.488047185723069
-1.01358787456145,"colorado-rockies",2015,-0.78142761613138,0.198064462388026,0.464778348236024,-0.496722701604343,0.17004419665175,0.634555248474633,0.713483059154684
-0.467109174541155,"colorado-rockies",2016,-0.465107591610434,-0.257230349579403,-0.0852335667973207,-0.481599075642252,0.409132294960811,0.173060522311264,1.14236223671937
0.469711454065061,"colorado-rockies",2017,-0.465107591610434,1.05220120137128,0.941723668914227,0.115557653325826,0.0681939778714415,0.0576868407704212,1.96856354085398
0.703916611216614,"colorado-rockies",2018,0.483852481952415,-0.144783546220512,-0.830363134728291,0.200021668652262,-0.056782258810129,-0.288434203852106,2.10300217517092
0.860053382650984,"boston-red-sox",2021,1.32737254734161,0.109942885878201,1.4128125858907,1.01518315950947,-0.261920736459716,-1.096049974638,-0.568503961669559
1.56266885410564,"new-york-mets",2022,2.48721263725176,1.23900058491033,0.60843130706734,2.54963546596941,0.383147272018652,-1.55754470080137,0.521175060557908
0.547779839782245,"st-louis-cardinals",2012,0.167532457431466,-0.251722751047539,-1.01055506972564,-0.25376098688065,-0.486289808152456,-0.865302611556318,-0.872605723059416
-1.09165626027863,"texas-rangers",2014,-0.992307632478683,-0.235199955451947,-0.564526951804924,0.11803801197131,0.0344616446206563,-0.634555248474633,-0.213853394589224
0.547779839782245,"texas-rangers",2015,-0.254227575263132,0.13931674471481,-0.227444669938741,0.365711466945118,-0.368220165943913,-0.980676293097161,-0.510343352514678
-1.01358787456145,"san-diego-padres",2016,-0.675987607957733,-1.33258896292586,1.82627465079007,-0.943998634921977,-0.0609055600073365,1.21142365617885,-0.487841902911511
-0.467109174541155,"oakland-athletics",2017,-0.675987607957733,-0.823595065272757,1.28007154524565,-1.13220515024115,-0.862680671940595,1.55754470080137,-0.316655586715839
1.01619015408535,"atlanta-braves",2012,0.589292490126063,-0.32745223086067,-0.405620958829475,-0.670103157646426,0.0626353943932057,0.173060522311264,-1.65590859873363
1.25039531123691,"st-louis-cardinals",2013,-0.0433475589158331,-0.282473509517113,-0.771807236582159,-0.249322093263205,-0.282517615932129,-0.634555248474633,-0.180893621981517
1.48460046838846,"st-louis-cardinals",2015,0.589292490126063,0.118204283675997,-1.10018493500584,-0.0227912946086232,0.00315434907992091,-0.403807885392949,0.196107896609521
0.391643068347876,"st-louis-cardinals",2016,0.0620924492578144,0.305003667215053,-0.919855428790767,0.301837403098092,-0.643747448102599,-0.634555248474633,0.931818080501184
0.157437911196322,"st-louis-cardinals",2017,-0.886867624305032,-0.417409673547783,0.708109762812498,0.224355063836463,-0.571942352951081,-0.173060522311264,0.571097279866862
0.547779839782245,"st-louis-cardinals",2018,-1.09774764065233,0.285727072353529,0.169709648147256,0.569797497533042,-0.611045655107956,-0.865302611556318,0.663041172693887
0.235506296913507,"st-louis-cardinals",2020,0.167532457431466,-0.343975026456262,-0.371330801354981,0.725612560975855,-0.202205038741519,-0.865302611556318,-0.398907799344198
0.703916611216614,"st-louis-cardinals",2021,1.74913258003621,-0.834151295792163,0.0999419690767062,0.341792491720825,1.64985762022106,-0.519181566933791,-0.798711159659887
0.938121768368168,"st-louis-cardinals",2022,1.01105252282066,-0.141570780410258,-0.518935121396195,0.435500597075972,1.39052610573633,-0.288434203852106,-1.0341909685731
-0.779382717409893,"st-louis-cardinals",2023,-0.0433475589158331,-0.36875921984965,0.148598205952525,0.38569579604149,1.70388608618877,0.173060522311264,-0.725336349706979
0.235506296913507,"new-york-yankees",2014,1.74913258003621,-0.722163458977594,-0.148845161641522,1.49543883659109,-0.881562773615382,-1.55754470080137,-0.851352441122184
0.469711454065061,"new-york-yankees",2015,-0.254227575263132,-0.103017590687209,-0.496477424878767,1.66043464020373,-1.03806035485363,-1.55754470080137,-0.308890696315639
0.62584822549943,"seattle-mariners",2018,1.64369257186256,-0.286145241871689,-0.531597322046578,0.521784579007622,0.520652704668035,-0.749928930015476,1.41570655452546
0.547779839782245,"detroit-tigers",2012,-0.675987607957733,1.03613737232001,-0.766126790415862,0.196501555878984,0.686528758361329,-1.21142365617885,-0.145917399301223
1.01619015408535,"chicago-cubs",2018,1.01105252282066,0.299496068683189,-1.02627341649626,1.15048479402019,0.289791036852576,-1.32679733771969,2.58222503573927
0.860053382650984,"chicago-cubs",2020,1.01105252282066,-0.593652826567432,-0.343120319898491,1.39131876992748,-0.932894851082476,-1.44217101926053,1.06744585685604
-0.545177560258339,"chicago-cubs",2022,0.0620924492578144,-0.0681361333187368,0.128265848088823,0.33394449877613,0.353210295609299,-0.173060522311264,-0.479676863626705
0.157437911196322,"chicago-cubs",2023,0.694732498299714,0.858517319667391,1.05013428308328,1.04936362122826,-0.637851943851727,-0.519181566933791,-0.0919823002355413
0.703916611216614,"new-york-mets",2015,0.378412473778764,0.73918601814367,-1.00426773101739,-0.334249288285802,0.178145238344619,0.173060522311264,-0.165735857968164
0.469711454065061,"new-york-mets",2016,0.272972465605117,0.979225520824079,-0.728613700700208,0.271270793800572,0.469948285256297,-0.403807885392949,0.556316969211556
0.938121768368168,"boston-red-sox",2017,0.272972465605117,-0.244838252882709,0.758239682008715,1.44554876271554,-0.551676824150914,-1.55754470080137,1.08342635528083
1.25039531123691,"chicago-cubs",2015,0.483852481952415,1.93571179919114,0.336666989047924,-0.007391174483204,-0.568426095438611,-0.519181566933791,0.267242407836258
0.860053382650984,"chicago-cubs",2017,0.589292490126063,-0.596865592377687,-0.447350287494765,0.731540440864791,0.160753417909494,-0.865302611556318,0.812037477139431
0.235506296913507,"chicago-cubs",2019,0.905612514647013,0.353654120913186,-0.597565484518406,1.666811695539,-0.939174276488016,-1.44217101926053,3.48106488278271
-0.0767672459552316,"tampa-bay-rays",2017,-0.0433475589158331,0.706599393496808,-0.614376019208307,-1.05029399059441,-0.881866625314163,1.32679733771969,-0.296951037155579
0.391643068347876,"new-york-mets",2019,0.272972465605117,-0.39400237978736,0.431682236045984,0.254210518050465,0.881781585375203,-0.403807885392949,-0.527303900730814
0.157437911196322,"baltimore-orioles",2022,-0.78142761613138,-0.0249932781524683,-0.294894653602126,-1.67250634471603,-0.30327889822136,1.67291838234222,-1.08671048810394
0.703916611216614,"texas-rangers",2023,1.43281255551526,2.8068303003143,-0.796867367521632,2.22911103401576,0.509678438355021,-1.32679733771969,0.03647446637986
0.938121768368168,"texas-rangers",2012,-0.465107591610434,1.23762368527737,-0.902786940475398,0.093135016131708,-0.692735409799917,-1.096049974638,-0.195580043918589
-1.09165626027863,"texas-rangers",2018,-0.359667583436783,-0.931452203188428,1.14324333357046,0.136831960932936,0.0794001074174119,0.0576868407704212,-0.309596069829283
-1.56006657458174,"chicago-cubs",2012,-1.62494768152058,-1.01452514771071,0.876355717821461,-0.322104731015803,-0.0115315772506524,-0.634555248474633,-0.117386447279185
1.25039531123691,"boston-red-sox",2013,1.11649253099431,-0.251263784503217,-0.775789999257649,0.781466782156577,-1.66141020901769,-1.44217101926053,1.81304067606951
-0.232904017389601,"boston-red-sox",2015,-0.675987607957733,0.0695538299778647,1.65994175566841,0.946781451765367,-1.25029091402166,-1.32679733771969,0.485658459979101
0.62584822549943,"milwaukee-brewers",2019,0.378412473778764,0.841535557527477,0.129678549613372,0.0473257352989729,-0.293153343397655,-0.0576868407704212,0.689110652474281
-0.232904017389601,"milwaukee-brewers",2020,0.0620924492578144,-2.05913300258759,-0.827779468300187,-0.941806242207226,0.594092618629446,1.21142365617885,-1.07832151387077
1.48460046838846,"san-diego-padres",2020,0.589292490126063,2.44011603140102,-0.221234529030814,0.622202005172093,0.768915688087851,-0.749928930015476,0.0951057272528002
0.62584822549943,"san-diego-padres",2022,1.43281255551526,0.850714888413917,0.996992495655438,1.72221653338304,-0.700699572737537,-1.21142365617885,2.00480657087222
-0.232904017389601,"texas-rangers",2019,-1.51950767334693,-0.0332546759502644,0.798018536274511,0.286394854442483,-0.354100893637748,-0.519181566933791,0.584828591203369
-0.310972403106785,"detroit-tigers",2021,-0.359667583436783,-1.15680477645053,-0.592856783125799,-0.888938195788685,1.16999141173408,0.980676293097161,-0.613624912131909
-1.16972464599582,"detroit-tigers",2022,-0.359667583436783,2.3625506854106,-0.181035308143434,0.0548583396860733,1.14365914784077,0.288434203852106,-0.304725247391781
-0.232904017389601,"detroit-tigers",2023,-0.359667583436783,-0.789631540992929,-0.188794021133992,-0.224717779156838,2.07679269985442,0.519181566933791,-1.18430496298056
0.938121768368168,"detroit-tigers",2013,0.589292490126063,0.0672589972562547,-0.747560932020751,0.409129536293573,0.263647005396168,-1.21142365617885,-0.598543260112565
0.703916611216614,"detroit-tigers",2014,-0.0433475589158331,0.21504622452794,-0.65951687112184,0.7324961694936,-0.679173235633437,-1.32679733771969,0.0617043842671488
0.0793695254791376,"cincinnati-reds",2023,-0.0433475589158331,-1.03701450838249,1.26230159556449,-0.693729366562851,2.12666651076329,0.865302611556318,-1.20237819606151
-1.01358787456145,"colorado-rockies",2022,-0.148787567089484,0.639131311481473,-0.624370431515995,0.125250578616662,-0.373521010348871,0.173060522311264,0.478314256620621
-1.71620334601611,"colorado-rockies",2023,0.272972465605117,0.724958055269688,1.79173753323996,0.711395318033519,-0.555512440657366,-0.173060522311264,0.651358671971638
-1.48199818886455,"cincinnati-reds",2022,0.0620924492578144,-0.696461332495562,0.730968936481879,-0.339571394598721,0.619164869211811,0.749928930015476,-1.07401583593301
0.62584822549943,"los-angeles-angels",2012,0.589292490126063,0.0374261718753244,-0.898296287944441,0.449491617521041,-0.369600380494275,-1.32679733771969,-0.954289339396926
-0.232904017389601,"los-angeles-angels",2013,-0.148787567089484,-0.747865585459626,0.348119352574291,0.154174287188408,-0.512214043557099,-1.096049974638,-0.215072567209822
1.32846369695409,"los-angeles-angels",2014,0.800172506473365,0.477116121335805,0.846540663989738,0.602123879730362,-0.430294278193015,-1.096049974638,0.825459594287121
0.313574682630691,"los-angeles-angels",2015,0.167532457431466,-0.89978351163021,-0.125723843435405,0.188296993188596,0.395470761087021,-0.865302611556318,-0.557034350164114
-0.0767672459552316,"los-angeles-angels",2018,-0.359667583436783,-0.0828230627370409,0.365260118924581,0.762252705700026,0.855738949241741,-1.096049974638,-0.714033028238333
-0.857451103127078,"los-angeles-angels",2020,0.167532457431466,-0.356826089697278,-0.83559327051568,0.465168628691361,2.42188075409723,-0.634555248474633,-1.25657433683
0.469711454065061,"san-francisco-giants",2016,1.43281255551526,-0.478452223942609,-1.0344079752684,0.858954696659367,-0.683902421190616,-1.096049974638,1.73996910596575
-1.247793031713,"washington-nationals",2021,0.589292490126063,-1.30505097026654,0.872805530074292,-0.256032680313742,2.16392923493428,0.173060522311264,-0.192409142308746
-1.16972464599582,"chicago-cubs",2013,-1.09774764065233,-0.812120901664707,1.3843166365652,-0.571358209334564,-0.473124108052778,-0.173060522311264,0.745982794302
-1.95040850316766,"kansas-city-royals",2023,-1.20318764882598,-0.119540386282801,0.276108564169586,-0.704956976203573,0.534567526314138,0.980676293097161,0.503036761214512
1.95301078269157,"houston-astros",2022,1.22193253916796,-0.53811787470447,-0.207857747640231,0.952646189685768,-0.135608827598704,-0.865302611556318,1.43721207609817
0.235506296913507,"arizona-diamondbacks",2023,-0.254227575263132,1.48592458575557,1.2808921742623,-0.266992527185768,-0.67464590838886,0.634555248474633,0.14091815776957
-1.32586141743019,"detroit-tigers",2017,-0.78142761613138,-0.550968937945486,3.62976960118694,1.04878750037557,-0.237504304643569,-1.21142365617885,0.196709112326375
1.25039531123691,"minnesota-twins",2020,1.74913258003621,0.464724024639111,-0.65599085703677,0.236552538649682,-0.539979203308882,-0.173060522311264,-0.810387188273802
-0.467109174541155,"cincinnati-reds",2019,-0.675987607957733,1.00722248002772,1.51604857866221,-0.088699754505642,0.199490733516592,0.173060522311264,-0.874916697208596
1.71880562554001,"houston-astros",2018,0.272972465605117,0.550550768427326,-0.855577600530564,0.573386535406365,-0.442164356546174,-0.980676293097161,0.896324520628047
0.703916611216614,"houston-astros",2023,1.85457258820986,1.03980910467458,-0.928296835153178,1.96027090193793,0.518015311994368,-0.980676293097161,2.18631978312585
-1.16972464599582,"minnesota-twins",2012,-0.254227575263132,-0.534905108894216,-1.10018493500584,-0.480895518006012,0.4849798915112,-0.288434203852106,-0.715376637928502
-0.779382717409893,"washington-nationals",2023,-0.992307632478683,-1.50148865123636,-0.620231086677458,-0.756082693612454,3.81940147914077,1.096049974638,-1.29076553591675
0.703916611216614,"tampa-bay-rays",2012,0.800172506473365,2.18263580003638,-0.978101867619319,-1.20067563189231,-0.9954617884472,1.21142365617885,-0.849677200600973
0.781984996933799,"tampa-bay-rays",2013,1.32737254734161,-0.111278988485005,-0.963524784946302,-1.14876790658937,-0.288657300212486,1.21142365617885,-0.196097812585321
-0.310972403106785,"tampa-bay-rays",2014,0.167532457431466,-0.0249932781524683,-0.303526776796175,-1.06900712690789,-0.501525934128527,1.44217101926053,0.19130101860236
-0.0767672459552316,"tampa-bay-rays",2015,-0.78142761613138,-0.505531250057608,-0.361333534368603,-1.13665642278388,-0.258668073900475,1.55754470080137,-0.287704983189415
-1.01358787456145,"tampa-bay-rays",2016,-0.465107591610434,-0.876376217869788,0.125343689653484,-1.31304199050897,-0.143463855667591,1.55754470080137,-0.881637679681887
-1.01358787456145,"baltimore-orioles",2020,-0.886867624305032,-0.966792627101223,-1.02337616057715,-1.33905364667729,3.02966683846426,1.44217101926053,-1.62178833395422
-2.2626820460364,"baltimore-orioles",2021,-1.09774764065233,-1.76768924694312,0.056604909668271,-1.71912137074079,1.10662905988279,1.67291838234222,-1.69607113755902
0.001301139761953,"san-francisco-giants",2022,0.483852481952415,-0.543625473236334,0.0934110108742833,0.549362537757901,-0.323923492898872,-0.403807885392949,-0.535676392661424
-0.623245945975524,"minnesota-twins",2021,0.694732498299714,-1.06179870177588,0.110576558265117,-0.226164979468308,-0.381229747745115,0.0576868407704212,-0.530855448605484
-0.779382717409893,"san-diego-padres",2017,-1.41406766517328,-0.650105711519039,1.49902934873871,-1.06710527040454,0.226773962399014,1.44217101926053,-1.22597118830892
-0.232904017389601,"san-francisco-giants",2020,1.22193253916796,-1.70205703110507,-0.250060527803172,-0.183001084419415,0.49307895379441,0.403807885392949,-1.23717043827555
0.157437911196322,"milwaukee-brewers",2012,-0.148787567089484,0.74377568358689,-0.951758892666776,-0.383446199042537,-1.128245256537,-0.519181566933791,-0.653632724420725
-0.545177560258339,"milwaukee-brewers",2013,-0.254227575263132,-1.30092027136764,-0.625284657550971,-0.853557148408958,-0.453523139135307,0.519181566933791,-0.863125982835
0.469711454065061,"minnesota-twins",2023,1.01105252282066,-0.116327620472547,-0.892354243882008,0.429381344671803,0.0483589841165961,0.0576868407704212,-1.0879624527401
-1.71620334601611,"minnesota-twins",2016,-0.992307632478683,-0.687740968153444,-0.555014555030958,-0.683022578942155,0.966494045490039,0.865302611556318,0.39360790680673
-0.857451103127078,"houston-astros",2014,-1.94126770604153,1.8806358138725,-0.732624402784155,-1.54416047557306,1.22102248909215,1.55754470080137,-0.520322566912935
-1.247793031713,"boston-red-sox",2020,-0.254227575263132,-1.43539746885399,-0.155528996998478,0.730812219873586,0.455486457044746,-0.980676293097161,-1.3617982193057
-0.232904017389601,"boston-red-sox",2022,1.01105252282066,0.314641964645815,1.85753672302847,1.48220593554915,-0.758937702022832,-1.096049974638,-0.369250700472019
-2.34075043175358,"houston-astros",2013,-3.52286782864627,-1.92970443708879,0.230761082109164,-1.85791571429706,0.178290943961733,1.67291838234222,-1.03419623255455
0.469711454065061,"detroit-tigers",2016,0.378412473778764,0.784164739487227,-0.573280246998693,1.26235535305512,-0.0161102145782604,-1.32679733771969,0.0958077352701108
-1.32586141743019,"detroit-tigers",2018,-0.359667583436783,-1.6983852987505,0.384087575215827,-0.0451603338911082,1.95235731290271,0.173060522311264,-1.16245564301314
1.17232692551972,"atlanta-braves",2013,-0.148787567089484,-0.431178669877443,-1.08785685323789,-0.726424546238173,0.136398082801034,0.173060522311264,-0.504374601619371
-1.01358787456145,"arizona-diamondbacks",2020,0.272972465605117,-0.993412686671899,1.33032773842052,-0.610384651771144,-0.625256777810129,0.980676293097161,-1.35617110943565
-2.2626820460364,"arizona-diamondbacks",2021,-0.359667583436783,-0.720786559344628,0.470994502190555,-0.789075534468392,0.209816993797194,0.634555248474633,-1.13719776561785
-0.38904078882397,"san-diego-padres",2013,-0.359667583436783,0.388076611737336,-0.561124357019819,-1.1358099499827,-0.614567996571655,1.096049974638,0.299202714327617
-0.38904078882397,"pittsburgh-pirates",2023,-2.36302773873613,1.30233796802677,-0.0189727693908321,-1.09026998164671,-0.965868831124522,1.44217101926053,-1.28461755076798
-0.623245945975524,"chicago-cubs",2014,-1.30862765699963,-0.8974886789086,1.00638778986526,-0.828634951060816,-0.169526064138425,0.749928930015476,-0.239886026499503
1.25039531123691,"cincinnati-reds",2012,-0.0433475589158331,0.15538057376608,-1.10018493500584,-0.821798061174085,-0.414098563738002,0.403807885392949,-0.149211012085083
0.703916611216614,"cincinnati-reds",2013,0.483852481952415,0.417909437118267,-1.10018493500584,-0.559040876285949,-0.477534302457938,-0.288434203852106,-0.298069503770498
-0.38904078882397,"cincinnati-reds",2014,0.0620924492578144,0.130596380372691,-0.681658001993885,-0.378617038543841,-1.23303920560494,-0.0576868407704212,0.1030415676078
2.10914755412594,"boston-red-sox",2018,0.800172506473365,0.091584224105321,1.43597599542304,1.77678143752232,-0.685552946765034,-1.67291838234222,0.598406125245857
-0.857451103127078,"new-york-mets",2020,1.53825256368891,1.00217384804018,0.0185326673564182,1.0364611713446,-0.805303678799656,-1.096049974638,0.744299528366455
0.235506296913507,"cincinnati-reds",2020,0.589292490126063,0.434432232713859,-0.983438416110222,0.296072074562455,0.00812163579323006,-0.288434203852106,-0.719208902715318
0.157437911196322,"cincinnati-reds",2021,0.167532457431466,-0.983315422696815,-0.843481962493406,-0.128465814104342,0.339576449019306,-0.0576868407704212,-0.926053946988814
-1.71620334601611,"texas-rangers",2020,-0.78142761613138,-0.388494781255496,-0.16856844040087,0.227141852855439,-0.274230091076342,0.0576868407704212,-0.26040744242631
-0.623245945975524,"seattle-mariners",2020,-1.09774764065233,-1.44549473282907,0.764996038351969,-0.478040144071197,0.737911583237033,0.519181566933791,-1.54862028628889
-0.545177560258339,"new-york-mets",2012,-0.570547599784082,-1.49368621998288,-0.860967476848912,-0.53667327333678,1.91930771490042,-0.173060522311264,0.195507889019557
-0.38904078882397,"san-francisco-giants",2013,0.589292490126063,-0.18333673594356,-0.969114063608048,0.130314938695851,0.71591624812802,-0.980676293097161,1.53155306526261
-0.232904017389601,"seattle-mariners",2017,0.483852481952415,0.138857778170488,-0.484456433652464,0.51807095811826,0.219458467547198,-0.519181566933791,0.325792379028522
0.235506296913507,"boston-red-sox",2019,0.272972465605117,-0.255853449946437,0.472184235088051,1.81019546422405,-0.751402741362811,-1.67291838234222,-0.16259188032899
0.391643068347876,"oakland-athletics",2021,2.27633262090446,-1.04206314037003,-0.94833358192784,-0.812365509095018,-0.4271710988132,0.865302611556318,-0.0835074626984739
0.391643068347876,"tampa-bay-rays",2022,0.0620924492578144,1.49051425119879,-0.404431347407668,-0.662278599613729,-0.656230400014142,0.865302611556318,-0.488347935488463
0.547779839782245,"pittsburgh-pirates",2014,-0.148787567089484,0.0608334656357466,-0.655524997769678,-1.06611425711388,-0.904422802833216,1.32679733771969,0.570249088495978
-0.935519488844262,"oakland-athletics",2016,-1.20318764882598,-0.135604215334072,1.03162819072713,-0.950164870544877,-0.369338685279098,1.32679733771969,-0.408726591750546
-0.935519488844262,"miami-marlins",2022,-0.254227575263132,1.66538050458548,-0.451832315251807,-0.953091702062161,-0.179529169512803,1.21142365617885,-0.823655441832695
0.235506296913507,"san-francisco-giants",2015,1.64369257186256,0.454626760664027,-0.351767809767191,1.00219655183297,-1.04251474419921,-1.44217101926053,2.3073937726171
1.25039531123691,"oakland-athletics",2018,1.11649253099431,0.135645012360233,-0.485601099069362,-1.00296901902998,-1.00812623942196,1.44217101926053,1.04372851383383
-1.01358787456145,"seattle-mariners",2019,-0.992307632478683,-0.76484734759954,2.01160166684821,0.208011253823317,0.409614036117368,-0.288434203852106,-0.758276792284461
0.001301139761953,"philadelphia-phillies",2012,1.53825256368891,-0.0667592336857707,-0.473489851406175,0.849659106521628,-0.581275823034474,-1.55754470080137,0.223774865316339
-0.623245945975524,"philadelphia-phillies",2013,1.01105252282066,-0.672595072190817,-0.595603652141996,0.569846389563153,0.11134174260783,-1.32679733771969,0.121208085343532
-0.467109174541155,"colorado-rockies",2021,-0.148787567089484,-1.21601146066807,0.0885734845135536,-0.32083017418909,0.919358214985022,0.288434203852106,-1.03158003377633
-0.779382717409893,"colorado-rockies",2019,-0.570547599784082,0.126465681473793,-0.0149065529170384,0.448024818819457,0.3016910506002,-0.634555248474633,2.13424951420818
0.0793695254791376,"milwaukee-brewers",2014,0.483852481952415,0.777739207866718,-1.06857143359933,-0.465066765780506,-0.235631224025055,0.0576868407704212,-0.745614328065644
-2.02847688888485,"houston-astros",2012,-2.46846774690978,-1.94714516577303,0.77167884116557,-1.4899625356969,1.98772341078737,1.67291838234222,-1.33519517891423
0.860053382650984,"cleveland-guardians",2013,0.272972465605117,0.658407906342997,-0.255074436864245,-0.763070946571918,-1.48223274275437,0.288434203852106,-0.466526316144715
0.313574682630691,"cleveland-guardians",2014,-0.148787567089484,-0.712525161546832,0.322048179475755,-0.924223160029222,0.79043622180198,1.21142365617885,-0.870608603017053
-0.38904078882397,"seattle-mariners",2015,-0.359667583436783,0.126006714929471,0.47422022837256,-0.138708647164852,1.36372312839656,-0.173060522311264,-1.10567842544099
-1.32586141743019,"detroit-tigers",2020,-1.20318764882598,-0.620731852682431,-0.706104073325757,-0.509808926555953,2.25618112242678,0.749928930015476,-1.49545329704031
-2.65302397462232,"detroit-tigers",2019,-1.09774764065233,-0.864902054261737,0.488019259257905,-0.354429582384193,1.9517518618872,0.519181566933791,-0.782274507039705
0.235506296913507,"miami-marlins",2020,0.378412473778764,1.46527109126108,-0.350967710141976,-0.545313498600855,-1.35609314681468,0.865302611556318,-0.891126998626638
0.391643068347876,"houston-astros",2015,-0.254227575263132,2.35245342143552,-0.908819423188248,-0.981508177083016,-0.898371762286788,1.096049974638,-0.308200683272441
-0.545177560258339,"arizona-diamondbacks",2022,-0.0433475589158331,-0.575753131338874,-0.521146343362003,-0.89621161760874,0.840741880590038,1.096049974638,-0.31227163941462
