"Wins","Team","Year","Average.Age","Active.Payroll","Position_Payroll_RP","Top3_Percent","Injured","Retained"
-1.32586141743019,"cincinnati-reds",2015,-0.465107591610434,-0.514578348203711,0.157932640221824,-0.657874627681532,0.540452122572951,0.165153641695649
-1.01358787456145,"cincinnati-reds",2016,-0.886867624305032,-0.611834203827264,-1.36950511961522,2.2716812522804,-0.069633722211417,-0.440404489814606
0.938121768368168,"cleveland-guardians",2019,-0.254227575263132,-0.195549169918118,-1.00140663324864,0.195429571728687,-0.360877253180838,-0.118337149742231
-1.87234011745048,"miami-marlins",2019,-0.465107591610434,-0.553022592857757,-1.21487790832941,2.82079060185239,-0.559162076163803,-0.798438108917494
-0.467109174541155,"detroit-tigers",2015,-0.465107591610434,0.34980797929547,-0.150981176861861,0.248783220210305,0.771677258876346,0.430931516288323
-0.545177560258339,"los-angeles-angels",2016,-0.148787567089484,-0.068844543775717,-0.327897552597477,0.256672751277969,1.46798569902805,1.4706773481046
-0.0767672459552316,"los-angeles-angels",2017,1.11649253099431,0.335340038649598,0.033281214422569,0.702000179876987,0.164768201890282,1.34440920028266
-0.857451103127078,"minnesota-twins",2014,-0.886867624305032,-0.437496031203571,0.121681325904925,1.30330315585575,-0.725131007438165,-0.168609924348643
0.157437911196322,"minnesota-twins",2015,0.272972465605117,0.173917557909037,0.401290644578475,0.441373681277421,-0.696376817930343,-0.860270449345764
-1.63813496029892,"texas-rangers",2021,-0.886867624305032,-1.42420886977585,-0.256386192076137,0.200275993405412,-0.288391103955136,2.47828842633312
-1.01358787456145,"texas-rangers",2022,-0.675987607957733,0.154952839841873,-0.888447718365856,1.17180599775738,0.0119022279291201,0.723428090139438
1.09425853980254,"new-york-yankees",2012,2.69809265359906,2.51468413769296,1.24769571356286,-0.672741522212229,-0.725131007438165,-0.375064721081674
-0.154835631672416,"pittsburgh-pirates",2012,0.378412473778764,-0.733900921955679,-0.636762095363045,0.415370070417603,-0.725131007438165,-0.906661832739108
0.313574682630691,"new-york-yankees",2013,2.06545260455716,2.68431975134823,0.38504573895454,-0.821788166079408,-0.725131007438165,-0.446624470253338
1.01619015408535,"pittsburgh-pirates",2013,0.378412473778764,-0.528819791459358,-0.882894217941267,2.07547307135501,-0.725131007438165,-1.04962857540359
-0.623245945975524,"philadelphia-phillies",2014,1.32737254734161,1.08505722760763,0.0448995118301434,0.346712580344075,0.657066645803483,-0.841215104662063
1.32846369695409,"pittsburgh-pirates",2015,1.22193253916796,-0.233809391961942,0.37573513649459,-1.06209716513105,0.066529222428912,-0.932562575446058
0.157437911196322,"washington-nationals",2015,0.167532457431466,1.10355730996741,0.481812301733061,-0.710892037472172,0.245533825634715,-0.978709246064029
1.09425853980254,"washington-nationals",2016,0.694732498299714,0.548770238046141,0.980150577413716,0.276666969352467,-0.400624171200704,-0.23723463866194
1.25039531123691,"washington-nationals",2017,1.32737254734161,1.02610116900711,0.694259430391041,-0.679368558388632,-0.0975188964106937,-0.738631375602328
1.48460046838846,"new-york-yankees",2018,-0.359667583436783,1.14530246671164,2.37573569853982,-0.166545494144621,0.52262724634884,-0.538395466026829
0.0793695254791376,"washington-nationals",2018,-0.465107591610434,0.309665264988191,0.662051544182207,-0.645003448067672,-0.227568325542829,1.39988921250909
0.391643068347876,"toronto-blue-jays",2020,-0.254227575263132,-1.24429563193419,-0.221223831560152,-0.400389112193925,-0.442364107660732,-0.209341148015744
0.391643068347876,"los-angeles-dodgers",2012,1.22193253916796,0.413924473323899,-0.966710178237935,-0.876809401498391,-0.725131007438165,-0.842049096004493
0.860053382650984,"los-angeles-dodgers",2013,1.32737254734161,2.39365481808382,0.120297675437862,-1.55648485636294,-0.725131007438165,0.269278289869611
1.01619015408535,"los-angeles-dodgers",2014,1.11649253099431,2.97169691550449,0.841734961967616,-1.31325531901366,-0.725131007438165,-0.917971401593124
0.860053382650984,"los-angeles-dodgers",2015,0.483852481952415,2.22942864721113,1.32672800914759,-1.59082443673071,0.431164905541783,3.17115508344574
0.781984996933799,"los-angeles-dodgers",2016,0.694732498299714,2.10224052622523,0.852952247542806,-1.22823994847672,0.00958389544929095,2.09783549703051
-0.779382717409893,"philadelphia-phillies",2016,-1.09774764065233,-0.820160044519204,-0.598510468097005,1.18949218059972,0.492601877303284,0.230528516902685
-0.310972403106785,"miami-marlins",2017,1.11649253099431,-0.432909276510101,1.18494473999829,-0.212320709434966,0.460308377196665,-0.263046218213207
-1.16972464599582,"san-diego-padres",2018,-2.04670771421518,-0.89395014883155,0.348848790347648,0.508939471572058,-0.351119380052201,1.60139976648866
1.01619015408535,"oakland-athletics",2012,-0.675987607957733,-0.761525071055733,-0.884009836828519,-0.704574901745619,-0.725131007438165,-0.865624004433119
1.17232692551972,"oakland-athletics",2013,0.167532457431466,-0.585091218655395,-1.40728816623787,-0.382677364428647,-0.725131007438165,-0.979645216247325
0.547779839782245,"oakland-athletics",2014,1.32737254734161,-0.5684248952162,-0.0648520850465687,-0.57219721180875,-0.725131007438165,0.27280837339026
-1.01358787456145,"oakland-athletics",2015,0.0620924492578144,-1.06842171229185,-0.367732516446383,-0.811959661963101,-0.240095956904844,0.689643271530942
1.09425853980254,"texas-rangers",2016,-0.254227575263132,0.868127344164188,-0.202638007499145,-0.248635875422734,0.461237877474517,-0.696100671817088
-0.232904017389601,"texas-rangers",2017,0.483852481952415,0.693733720673477,0.177405747188055,-0.266878184498231,-0.665731892608697,0.956216022294207
-0.701314331692708,"atlanta-braves",2017,-0.570547599784082,-0.258647458353408,-1.03518914026778,1.6028256065068,-0.614678708361127,0.177616804429701
0.703916611216614,"atlanta-braves",2018,-0.78142761613138,-0.40355131773848,-0.0726945544520009,0.979651761394812,0.0101480532434381,1.47467177244623
1.25039531123691,"atlanta-braves",2019,0.905612514647013,0.514187046859043,2.4052125276212,0.792119671414201,-0.264655231822984,-0.0195429155368805
1.01619015408535,"atlanta-braves",2020,1.32737254734161,-0.889826486066624,2.27725894585509,0.0346253700361562,-0.323989770378093,-1.0394298409871
0.62584822549943,"atlanta-braves",2021,0.378412473778764,0.464032676425423,1.46107422175751,-0.521873885108431,-0.542573105793315,-0.0229708380031294
1.56266885410564,"atlanta-braves",2022,1.22193253916796,1.05398801085265,2.11952296519944,-1.27228796831915,0.431421552002037,-0.449624676818823
1.7968740112572,"atlanta-braves",2023,0.694732498299714,1.35758620169998,2.1118596437527,-1.36829167792598,1.163533444981,-0.404864894141501
0.313574682630691,"chicago-white-sox",2012,0.0620924492578144,0.313099588776861,1.30090084510323,0.1054958218189,-0.725131007438165,-1.05637405967269
0.703916611216614,"texas-rangers",2013,0.694732498299714,0.647781516245034,-0.503445034273031,-1.08053562721693,-0.699372316684448,-0.304276221059102
-0.779382717409893,"boston-red-sox",2014,-0.148787567089484,0.0481167725542837,0.777524225941973,-1.59270894788409,-0.725131007438165,2.6289810228143
0.703916611216614,"st-louis-cardinals",2014,-0.359667583436783,0.449136545769938,0.544097801266239,0.5562278173849,-0.725131007438165,-0.75398614563595
-1.09165626027863,"atlanta-braves",2015,-0.992307632478683,-0.793040231277,-1.00705393609668,-1.2165857123732,-0.102373616872127,1.5909661588276
-1.01358787456145,"atlanta-braves",2016,-1.20318764882598,-0.963697304978102,-0.201575718784567,0.931897518653019,-0.276368361751897,1.40517079325075
0.001301139761953,"arizona-diamondbacks",2012,0.800172506473365,-0.397150163945568,-0.745666104932317,-1.59615292807476,-0.725131007438165,-0.593837031197715
0.001301139761953,"arizona-diamondbacks",2013,0.378412473778764,-0.31262528915301,0.148766063746003,-1.06529139330979,-0.725131007438165,-0.497862976586838
-1.32586141743019,"arizona-diamondbacks",2014,-0.886867624305032,-0.516038074545373,-0.236108645191361,-1.29925456767474,-0.199895899206339,0.608630102032293
-0.154835631672416,"arizona-diamondbacks",2015,-1.94126770604153,-1.0007190200158,-0.197596493991177,-0.448765790698898,-0.668377971796063,0.750195197459921
-0.935519488844262,"arizona-diamondbacks",2016,-1.94126770604153,-0.298085395896022,-0.493378316970097,1.21979319300753,-0.667012360514661,-0.0400003326223483
0.938121768368168,"arizona-diamondbacks",2017,0.483852481952415,-0.239217937683849,-0.696676559581702,1.81328906531931,0.346304383029857,-1.00469799790762
0.0793695254791376,"arizona-diamondbacks",2018,1.11649253099431,0.308549279781164,0.278667146057253,-0.124963032887014,0.0557567609348895,-0.758195338995629
1.95301078269157,"los-angeles-dodgers",2019,0.483852481952415,1.3410659948419,0.267420433962836,-0.456946571440034,-0.650943759916665,1.44915732243011
2.73369463986341,"los-angeles-dodgers",2020,0.167532457431466,0.0219974948960522,1.46386853295708,-0.153634133541589,-0.697824918767691,-0.0726506290339723
1.95301078269157,"los-angeles-dodgers",2021,0.800172506473365,1.70128634274844,1.98874089950175,-0.449246322448808,1.36606128303198,-0.726615547092804
0.001301139761953,"chicago-white-sox",2022,1.85457258820986,1.2848037468714,0.57652944983388,-1.4127442039876,0.381076218816645,0.436877386834958
2.34335271127749,"los-angeles-dodgers",2022,1.74913258003621,2.87669410078999,1.40776234357702,-1.11839837224121,0.873809944414804,-0.776278149313662
-0.154835631672416,"san-francisco-giants",2023,0.272972465605117,0.781367077609875,-0.293335976324457,-1.30566854687335,1.48209760534021,-0.17259712088678
0.547779839782245,"seattle-mariners",2023,-1.09774764065233,-0.437360429008078,-1.34668929813657,-0.359244096690867,0.776331947693402,0.392219643736348
1.25039531123691,"oakland-athletics",2019,0.694732498299714,-0.20032403614955,0.32939078496753,-0.604283813752939,-0.690705218655843,-0.257720359582931
1.25039531123691,"oakland-athletics",2020,1.53825256368891,-1.20639329537708,-0.0816277898486815,-0.316157439440983,-0.675259215168774,-1.09331256937964
-1.63813496029892,"oakland-athletics",2022,-0.78142761613138,-1.62544402994174,-1.30918584659396,-0.298268937776836,-0.357876557363557,0.294722041034762
0.235506296913507,"miami-marlins",2023,0.905612514647013,-0.524238273096821,0.31478116538269,0.726009306110276,0.690010552837812,-0.450380255604041
-0.935519488844262,"miami-marlins",2012,-0.570547599784082,-0.257970052370357,-0.684499072014057,0.542651899471694,-0.725131007438165,-0.0524589400180647
-1.48199818886455,"miami-marlins",2013,-1.73038768969423,-1.38923796061903,-1.44470782555125,-0.907152479340759,-0.64496354355015,-0.681296308130061
-0.310972403106785,"miami-marlins",2014,-1.09774764065233,-1.05591848056366,-0.862284004688116,-0.810088156582579,-0.725131007438165,-0.617949773239131
-0.779382717409893,"miami-marlins",2015,-0.78142761613138,-1.35477820915358,-0.722150001331911,-0.0713010131690469,0.14575469097229,0.0859577485035696
-0.0767672459552316,"miami-marlins",2016,0.167532457431466,-0.673202062214937,0.404843573169589,0.326186248396122,-0.542680917210268,-0.490828926818662
-0.857451103127078,"new-york-mets",2017,-1.30862765699963,-0.925746923520041,0.524891517752932,0.0241218218942816,1.7586630265508,1.95313699694447
-0.310972403106785,"new-york-mets",2018,0.0620924492578144,-0.218138513808918,0.301846872613839,0.269960494109078,2.02994474843629,-0.170029732200995
-0.857451103127078,"colorado-rockies",2020,0.589292490126063,-1.44304096889583,0.686771287343209,1.37838337337662,0.226138551724897,0.773690053409535
-0.310972403106785,"los-angeles-angels",2021,0.905612514647013,-1.23386394279184,-0.801328652859772,1.53253287728722,4.84665584907944,1.73403232934348
0.235506296913507,"houston-astros",2016,-1.09774764065233,-0.36862768159319,-0.260140101204721,-0.410894714780235,-0.339878021826293,-0.131077155571381
1.56266885410564,"houston-astros",2017,0.272972465605117,0.814852162217876,1.32327742616293,0.607466765926206,-0.678918998115027,-0.90067095544972
2.03107916840875,"houston-astros",2019,0.694732498299714,1.25710931411033,0.778715956823234,0.968598509489075,-0.0775401692274899,-0.992225420807672
-0.232904017389601,"pittsburgh-pirates",2016,0.167532457431466,-0.746856439160533,1.5480479668578,-1.37225133220492,-0.124633799501772,0.798950862187139
-0.467109174541155,"pittsburgh-pirates",2017,-0.148787567089484,-0.55524327699677,0.497196762127666,-0.954586056807678,0.200941420233739,-0.226712293010111
-1.40392980314737,"philadelphia-phillies",2015,-0.465107591610434,-0.840967158323709,-0.376013535912537,0.838769037837103,1.1154131735778,2.04115597311362
-1.16972464599582,"philadelphia-phillies",2017,-2.67934776325708,-1.45982213696367,0.479420641966649,-0.376716112178447,0.191463856789179,2.79855434267633
-0.0767672459552316,"philadelphia-phillies",2018,-0.886867624305032,0.0814618948346597,-0.0541572280561105,2.13117294050628,-0.725131007438165,-0.678865701070024
0.001301139761953,"philadelphia-phillies",2019,-0.359667583436783,-0.217129237098806,2.36360256648796,-0.666495606179245,2.9941363628837,-0.887571320843458
-0.310972403106785,"san-francisco-giants",2019,-0.0433475589158331,0.915996963636894,1.28259737755514,-0.484625597436493,-0.185047557984531,0.797380849645411
1.09425853980254,"milwaukee-brewers",2021,1.11649253099431,-0.274832373136729,-0.719648488313373,0.225480754464666,-0.553214700813529,-0.476610501117246
0.391643068347876,"milwaukee-brewers",2022,0.694732498299714,0.0131755915710854,0.491196168459354,0.119300642967914,-0.406478828732399,0.51228414959972
0.860053382650984,"milwaukee-brewers",2023,1.11649253099431,-0.141275976674857,-0.514153784722714,-0.178751039949955,-0.0658309647399124,-0.274753862899885
1.17232692551972,"washington-nationals",2014,0.589292490126063,1.03841416128597,0.826184643010101,-0.653552332544012,-0.7208649926012,-1.09188741659698
0.938121768368168,"washington-nationals",2019,1.43281255551526,0.526569822113889,0.536020610065222,2.13966325433075,-0.64940404701886,-0.246051404903181
-0.857451103127078,"washington-nationals",2020,1.53825256368891,-1.36119463383989,0.13143781348171,0.298242328670399,0.408303245781354,-0.666693108183921
1.09425853980254,"kansas-city-royals",2015,1.01105252282066,0.388643509300078,1.00334488778775,-1.66979195494808,-0.145523007923119,-0.854343529006604
1.7968740112572,"chicago-cubs",2016,0.272972465605117,1.42418409073466,1.31303268273342,-0.64206460386436,-0.611763155919285,0.0788936942402255
1.09425853980254,"milwaukee-brewers",2018,0.905612514647013,-0.0672312948868815,0.482319801321236,0.0678717729973425,-0.320340602709816,-0.408796940716858
-2.10654527460203,"baltimore-orioles",2019,-1.41406766517328,-0.840940329950878,-0.967435744729582,3.34746129817659,-0.182078155122119,-0.56043953782341
-1.09165626027863,"chicago-white-sox",2017,-1.62494768152058,-1.263627685918,-0.114815466964528,1.54872520075355,-0.306546270130465,1.62444467648643
-1.48199818886455,"chicago-white-sox",2018,-1.09774764065233,-0.747897926607543,-0.613579521078792,2.2561565292511,-0.397819415722746,-0.633630705497562
-0.701314331692708,"chicago-white-sox",2019,-0.359667583436783,-0.537842010519881,-0.046592110066491,-0.287050963183292,-0.157448609275288,-0.305691595048807
1.01619015408535,"chicago-white-sox",2020,-0.570547599784082,-1.04470428330581,-0.480350480662123,0.0306923703808022,-0.624517246544807,-0.62566190030298
0.938121768368168,"chicago-white-sox",2021,0.167532457431466,0.682555593599633,0.80088068420347,-0.114301547003012,-0.548583454068671,-0.486784758182411
-1.56006657458174,"chicago-white-sox",2023,0.0620924492578144,-0.163117130236559,0.911015602483119,-1.02026012609521,1.36018113777556,1.25717872281043
1.01619015408535,"cleveland-guardians",2020,-0.0433475589158331,-1.22334993268589,-1.95189718400013,1.21964557599131,-0.713541003676204,-0.901618283609933
-0.0767672459552316,"cleveland-guardians",2021,-1.30862765699963,-1.19808117285966,-1.42579183767042,0.0610866730687006,-0.649510420950253,-0.379011466215393
0.860053382650984,"cleveland-guardians",2022,-2.36302773873613,-0.763620771694255,-1.75157654269612,1.28452631173471,-0.686269138219623,-0.819587512265018
-0.38904078882397,"cleveland-guardians",2023,-1.62494768152058,-0.797541473139806,-1.53033174773737,-0.12055982674335,-0.621112340845812,0.74608798294111
1.40653208267128,"tampa-bay-rays",2023,-0.359667583436783,-0.842127516741476,-0.903147602288263,-1.10583938559002,0.147765567406132,-0.92062358030979
-0.935519488844262,"boston-red-sox",2012,0.694732498299714,1.52878445333236,-0.490880773511338,-0.618277974021933,-0.725131007438165,-0.685723793302768
-0.701314331692708,"kansas-city-royals",2012,-1.51950767334693,-0.557565475025516,-0.195984766426418,-1.10583828454368,-0.725131007438165,-0.943527760721924
0.391643068347876,"kansas-city-royals",2013,0.378412473778764,-0.344572540554745,-0.837563571168891,-0.112810924137169,-0.725131007438165,-0.711483199045634
0.62584822549943,"kansas-city-royals",2014,0.905612514647013,-0.0537126113332094,-0.0900415306830746,-0.730280273169846,-0.725131007438165,-0.815539942309477
-1.01358787456145,"cleveland-guardians",2012,-0.78142761613138,-0.459968319106847,-0.34348929304833,-1.1709075630085,-0.725131007438165,-0.736122963363524
-1.48199818886455,"pittsburgh-pirates",2022,-1.83582769786788,-1.30676754253569,-1.34805059825619,-0.0582260095801524,-0.258002051063059,-0.306168933768504
-0.38904078882397,"san-diego-padres",2012,-0.359667583436783,-0.689649836638751,-0.287095655763449,-0.961477441922355,-0.725131007438165,-0.945303431605031
-0.545177560258339,"new-york-mets",2013,0.167532457431466,-0.474613731733804,-0.680487918152885,1.83587793647379,-0.697452499432001,0.703591960465063
-0.779382717409893,"seattle-mariners",2013,-0.992307632478683,-0.6226274918703,-1.44992676112235,0.524606697778633,-0.697918300041144,0.0366978989293985
-0.154835631672416,"atlanta-braves",2014,-0.886867624305032,0.200311106654059,-0.514525542625427,-0.336936432085637,-0.725131007438165,-0.243751444946601
-0.154835631672416,"new-york-mets",2014,-0.359667583436783,-0.398256969927054,-0.730636661253535,0.652234070749385,-0.725131007438165,0.0715077294011856
0.469711454065061,"seattle-mariners",2014,-0.359667583436783,0.150592165301103,-0.772144708254207,1.54065112589523,-0.725131007438165,-0.340712003627375
-1.16972464599582,"minnesota-twins",2013,-0.675987607957733,-0.733326427608068,-0.989578294351926,1.79902037696744,-0.698039933434629,-0.0625885547675443
0.235506296913507,"new-york-yankees",2016,-0.254227575263132,1.3790115154828,-0.0442678465215316,-0.91735452341027,-0.144087789167899,1.951191199359
0.781984996933799,"new-york-yankees",2017,-0.359667583436783,1.49611717513443,2.46993050435069,-0.814715591399633,-0.290143454139915,1.09674462640594
1.71880562554001,"new-york-yankees",2019,0.800172506473365,1.6444065415178,2.21266195440406,-0.982882234255074,1.61495521780048,-0.628117106190027
0.62584822549943,"new-york-yankees",2020,1.22193253916796,-0.331616877316758,1.61293982756453,-0.654865001137262,-0.176634894899935,0.356489391969448
0.860053382650984,"new-york-yankees",2021,1.11649253099431,1.00986558072643,1.3192288203682,0.0970237603273239,1.94070597663796,-0.363452374072971
1.40653208267128,"new-york-yankees",2022,1.85457258820986,2.5360797650259,1.9609190316688,-0.543631365110971,0.668326857205381,-0.364340239883446
1.56266885410564,"baltimore-orioles",2023,0.167532457431466,-0.83346933742116,-1.24540623927815,0.401529290979256,-0.54934443680864,-0.501204529838249
0.0793695254791376,"new-york-yankees",2023,0.694732498299714,1.96529511796986,-0.00933934485335463,-0.0525261832792376,2.07692813462575,1.07913854742916
0.938121768368168,"boston-red-sox",2016,0.694732498299714,1.50225845253515,1.00817998418725,-0.507972547220734,0.356715814496852,-0.966868524760115
-0.623245945975524,"milwaukee-brewers",2016,-0.78142761613138,-0.910556494376585,-1.08368205917222,2.38802876355444,-0.585932646175505,-0.596115672170886
-1.32586141743019,"san-francisco-giants",2017,0.272972465605117,1.64143866841974,0.596161252896463,-0.512333412785287,-0.326004406389551,-0.714197634052883
-0.623245945975524,"toronto-blue-jays",2012,0.272972465605117,-0.0587025635085693,0.579114064723427,-1.51408326683018,-0.725131007438165,-0.791395616588937
-0.545177560258339,"toronto-blue-jays",2013,1.53825256368891,0.525265871402034,-0.184186371817599,-1.11551231760457,-0.725131007438165,-0.759229097108523
0.157437911196322,"toronto-blue-jays",2014,0.167532457431466,0.605295554275893,-0.615490691522477,-0.568434971572379,-0.559267289049168,-0.785185657894543
0.938121768368168,"toronto-blue-jays",2015,1.64369257186256,0.277767080719348,-1.54546146594794,-0.580388201671081,-0.372255946565573,0.431317626765625
0.62584822549943,"toronto-blue-jays",2016,1.96001259638351,0.85994767369895,1.26361373456853,-0.641268604921653,-0.669843101308499,-0.332169043589009
-0.38904078882397,"toronto-blue-jays",2017,0.905612514647013,0.674058551411314,0.145094307245874,-0.761638465724786,0.536047279803694,0.564931045070811
-0.623245945975524,"toronto-blue-jays",2018,-1.09774764065233,-0.246549385123468,0.00943149521123177,0.22308379544477,0.407246804471028,1.86021501901825
-0.857451103127078,"san-diego-padres",2019,-2.36302773873613,-0.577138212475392,0.0830405954858361,-0.0415620103608046,-0.100266373617901,0.440670768911389
2.10914755412594,"tampa-bay-rays",2020,0.0620924492578144,-1.48832928583701,-1.3304810677932,1.2070439032632,-0.616876181478157,-0.973428029749439
-0.310972403106785,"new-york-mets",2021,1.85457258820986,1.74101177780738,2.47751357165409,-0.100316826947303,-0.0653489094863679,-0.521660246264071
-0.623245945975524,"los-angeles-angels",2022,-0.148787567089484,0.521395179748269,0.123910320015206,2.1169772981717,-0.339330450403985,1.92261878108731
-0.623245945975524,"los-angeles-angels",2023,-1.09774764065233,-1.02937435079601,0.580477177033377,0.824207278265824,7.43189854663223,0.615251073720222
-0.38904078882397,"philadelphia-phillies",2020,0.483852481952415,-0.751155320823911,0.305728411718772,-0.456783681397522,0.00670897961845445,-0.938496359161643
0.0793695254791376,"philadelphia-phillies",2021,0.272972465605117,1.00080806337132,0.162924361643009,-0.265330327180137,0.377101128941734,-0.261764831908404
0.469711454065061,"philadelphia-phillies",2022,0.483852481952415,1.48135608340378,0.535582232594056,-0.925117405386917,-0.0673524326286947,0.779360660045027
0.703916611216614,"philadelphia-phillies",2023,0.589292490126063,2.61812430876789,0.401721341814418,-0.849441185420252,-0.0323554644881468,-0.896970077110419
-0.154835631672416,"san-diego-padres",2021,1.32737254734161,0.685647636585005,1.11829721203745,0.486022977627727,2.02519352693513,-0.945328334121264
1.01619015408535,"san-francisco-giants",2012,1.22193253916796,0.609872170097516,1.397063430732,-0.0163017027467225,-0.725131007438165,-0.207468175105794
-1.09165626027863,"toronto-blue-jays",2019,-2.46846774690978,-1.1781442079127,-0.341571736791088,0.267345088453755,-0.254516425021114,2.86910377854306
2.03107916840875,"san-francisco-giants",2021,1.85457258820986,0.86107957651754,-1.59128304371116,-0.334568510074163,0.367730658171347,-0.313130644763915
-0.232904017389601,"minnesota-twins",2022,-0.886867624305032,-0.334902789717931,0.117992914512683,-0.112431585835101,2.23373984058367,0.0336041560834285
-2.02847688888485,"washington-nationals",2022,1.01105252282066,-0.711870154800926,-0.700194107313923,2.02234161885894,1.5239426993977,0.456521402707272
0.313574682630691,"minnesota-twins",2017,-0.0433475589158331,-0.364980128567577,2.25137499984694,0.231976346387866,0.537091889502108,0.0840395866373339
-0.232904017389601,"minnesota-twins",2018,-0.78142761613138,-0.768909361627842,-0.104455520006668,0.132834549663778,0.890043800564221,0.677279354434756
0.391643068347876,"milwaukee-brewers",2017,0.167532457431466,-0.741276617434781,-0.756564703893134,4.07066662758744,-0.694888522785238,-0.733716226276364
-0.623245945975524,"san-francisco-giants",2018,0.589292490126063,0.554460523406529,0.890024397786031,-1.04561926866507,2.83219388394904,0.183573364836962
-0.310972403106785,"san-diego-padres",2014,-0.254227575263132,-0.538553004123663,0.136803363880274,-1.20066667078641,-0.697409651304751,-0.0922560156372022
0.001301139761953,"cleveland-guardians",2015,-0.78142761613138,-0.992828140503212,-1.3195986922506,-0.745114984121378,-0.687495423977579,0.710838410475353
-0.545177560258339,"san-diego-padres",2015,-0.254227575263132,0.0021013983646176,1.82204173916153,1.00015115686729,-0.11531540993896,-0.90174091331792
1.09425853980254,"cleveland-guardians",2016,0.272972465605117,-0.66398061223642,-0.654094832955784,-2.10984694082044,-0.0685871221483824,0.768418798101438
1.64073723982283,"cleveland-guardians",2017,0.0620924492578144,0.479005224133536,0.609308607471675,-1.48161006533206,-0.386232010492372,-0.492368874127377
-1.79427173173329,"kansas-city-royals",2018,-1.20318764882598,-0.1980480054529,1.42732485193304,-0.0871996315511261,-0.327657017191673,1.19642867003279
0.313574682630691,"arizona-diamondbacks",2019,-0.359667583436783,-0.585609219042176,-0.850186339789926,-0.237786994565331,-0.0782846208835258,0.497680949653581
-0.232904017389601,"houston-astros",2020,-0.0433475589158331,-0.661472055067315,-0.307236856899319,0.552895421527375,0.312254441433404,-1.08500047388811
1.09425853980254,"houston-astros",2021,0.905612514647013,1.12166381217024,-0.00529738375651221,1.33119037763812,1.47922799714836,-0.849082234705001
0.703916611216614,"seattle-mariners",2021,-0.465107591610434,-0.753139848524005,-1.20925977311626,1.57277828015357,0.161572726779706,-0.614034429571003
0.703916611216614,"seattle-mariners",2022,-0.148787567089484,-0.130712544784119,-0.882372479714757,-0.205921002633416,-0.177966282967444,-0.269258849372758
-0.701314331692708,"los-angeles-angels",2019,-0.675987607957733,0.442377235285917,-0.697975641166533,0.0670317703206443,0.152228904780074,0.580112590772003
1.56266885410564,"minnesota-twins",2019,-0.570547599784082,0.0615022530282298,0.326578351864621,-1.34116579105579,-0.627057338816123,0.0633232441208867
0.781984996933799,"st-louis-cardinals",2019,-0.570547599784082,0.879472658314136,0.509575748001447,-1.14520009163701,0.479818207647983,-0.102398749761088
0.001301139761953,"kansas-city-royals",2016,0.483852481952415,0.276162969332301,2.16076755424352,-2.12569334658033,0.426239637712128,-0.237059835145552
-0.0767672459552316,"kansas-city-royals",2017,0.483852481952415,0.679412167813109,1.61218172794165,-1.13339864730039,-0.667258446984844,0.112477409845678
-1.71620334601611,"kansas-city-royals",2019,-1.73038768969423,-0.510827946128286,0.684020382416863,1.26310457449656,-0.0674483018579236,0.30938160570057
-0.857451103127078,"kansas-city-royals",2020,-0.992307632478683,-1.41425533483669,0.0895423892235439,1.76624826348701,-0.332962278800158,-1.01125780658616
-0.545177560258339,"kansas-city-royals",2021,-0.465107591610434,-0.846921116937763,-0.843503068134528,0.102702176351097,0.14614867259137,0.220303422261697
-1.247793031713,"kansas-city-royals",2022,-1.51950767334693,-0.633840082763675,-0.719665229500264,0.495780563818315,-0.370558607847392,0.206651134008594
-0.232904017389601,"boston-red-sox",2023,0.483852481952415,0.729171205692178,0.975597492348031,-0.328517269231423,0.863641116279905,0.263035472001358
0.781984996933799,"cleveland-guardians",2018,1.85457258820986,0.643777037379008,0.388497184886975,-1.01484335412531,-0.0154462665653559,-0.782978626840003
-1.09165626027863,"miami-marlins",2021,-0.78142761613138,-1.60234444628212,-1.40406264003369,0.373683439968223,0.131227627773002,0.353933968639024
0.781984996933799,"toronto-blue-jays",2021,0.378412473778764,0.350296418403633,-0.437364980770931,0.233820894254626,-0.23563792716989,0.619614480467012
0.860053382650984,"toronto-blue-jays",2022,0.694732498299714,1.0131213059927,-0.709248673168175,0.0914012765966152,0.695666395059064,-0.616972379845905
0.62584822549943,"toronto-blue-jays",2023,1.85457258820986,2.10891305130414,-0.0314906965430335,-1.09123047923136,-0.346337418475234,-0.506405632935981
-1.40392980314737,"miami-marlins",2018,-1.41406766517328,-1.04472128573494,0.783766099808981,0.194362896921066,0.126716853375601,0.783930939890085
1.48460046838846,"tampa-bay-rays",2021,0.272972465605117,-1.01853677298974,-0.808759150996041,0.595741192761855,0.289521436630538,-0.72251549963964
-1.40392980314737,"chicago-white-sox",2013,-0.992307632478683,-0.212415350131593,0.248262130345979,0.0500832606538719,-0.725131007438165,0.64076230463058
-0.623245945975524,"chicago-white-sox",2014,-0.992307632478683,-0.684386969398555,-1.16013992265119,0.564686572338021,-0.725131007438165,0.625483456902546
0.547779839782245,"san-francisco-giants",2014,1.01105252282066,1.24386448440592,2.62867104251457,-0.691809992158174,-0.725131007438165,-0.644563092337414
-1.01358787456145,"cincinnati-reds",2017,-2.25758773056248,-0.595472609814154,-0.950591090400016,2.08001908821529,0.160661416222971,-0.164639552193425
-1.09165626027863,"cincinnati-reds",2018,-1.20318764882598,-0.221140621245864,-0.949003784257372,2.45411542381077,-0.650774855363439,-0.17438913025005
-0.38904078882397,"chicago-white-sox",2015,-0.570547599784082,0.0261651553579459,-0.666545184610796,-0.918807123554516,-0.69707239507736,-0.550370660918401
-0.232904017389601,"chicago-white-sox",2016,-0.886867624305032,-0.0915223002979789,-0.146003176310345,-0.00726029943963585,-0.0603344069762194,0.659205290366326
0.0793695254791376,"san-diego-padres",2023,1.53825256368891,1.49187510036003,2.75904130953265,-1.29834715122063,3.23845411766185,-0.102809216114022
0.0793695254791376,"pittsburgh-pirates",2018,-1.20318764882598,-0.532710322757418,-1.15917273078173,-0.747480456702796,-0.466908841859561,-0.037751635406502
-0.935519488844262,"pittsburgh-pirates",2019,-1.09774764065233,-1.36514731266724,-0.628065135067949,0.208996167578889,0.356923641735994,0.117799745680975
-2.34075043175358,"pittsburgh-pirates",2020,-0.465107591610434,-1.67672498341551,-1.10170877936794,-0.413956141435973,-0.257277724204854,-0.952135953205252
-1.56006657458174,"pittsburgh-pirates",2021,-1.09774764065233,-1.5711847724318,-0.934965608691048,-0.7768147087233,-0.291272709622614,0.113940402305449
0.938121768368168,"baltimore-orioles",2012,-0.886867624305032,-0.271457756037828,-0.774204909779133,-0.344856813628971,-0.725131007438165,-0.928127558780637
0.313574682630691,"baltimore-orioles",2013,-0.254227575263132,0.126308086032914,-0.112614691246584,-0.627403352776103,-0.725131007438165,-1.02596274242179
1.17232692551972,"baltimore-orioles",2014,0.167532457431466,0.32041322017418,-0.719463386015017,-0.488998588673973,-0.725131007438165,-0.961524930679253
0.001301139761953,"baltimore-orioles",2015,-0.359667583436783,0.0327904700109448,-0.039571080650829,-0.874485868652663,-0.656297564306731,0.252846759329208
0.62584822549943,"baltimore-orioles",2016,0.694732498299714,1.0701336635849,-0.493138676372178,-0.467105297624699,-0.578604510657549,-0.931748384640926
-0.467109174541155,"baltimore-orioles",2017,0.0620924492578144,1.47055574404658,1.27525688487211,-0.994185768927037,-0.725131007438165,-0.658792815277902
-2.65302397462232,"baltimore-orioles",2018,-1.73038768969423,-0.489702062854992,0.653077405060854,0.123237979720256,-0.0257389948978913,1.54500771478965
0.703916611216614,"tampa-bay-rays",2018,-1.41406766517328,-1.40697787793275,-1.08106905330078,-0.860658804944467,-0.602739837911487,1.08297754362679
1.17232692551972,"tampa-bay-rays",2019,-0.570547599784082,-0.808734662488287,-1.45106205521894,0.582097624108195,-0.689496846179473,-0.548418789548484
1.48460046838846,"los-angeles-dodgers",2023,2.27633262090446,1.18066624672162,1.17681249272904,-1.00968084187795,1.14162102328091,1.01365768468352
-0.467109174541155,"new-york-mets",2023,0.589292490126063,0.230441956216234,2.17496149188376,-0.499286179479301,3.52370349971241,8.50900870915037
1.32846369695409,"washington-nationals",2012,-0.675987607957733,0.0524064541302444,-0.351363691521544,-0.198108464667238,-0.725131007438165,-1.07462857587704
0.391643068347876,"washington-nationals",2013,-1.09774764065233,0.284763444702966,-0.0941491621058142,-0.194658525712004,-0.697984645528499,-0.660569883131432
1.7968740112572,"los-angeles-dodgers",2017,0.694732498299714,1.9062031442457,0.127032637665155,-1.04179715798656,0.52738974658285,1.41998955180692
0.781984996933799,"los-angeles-dodgers",2018,1.01105252282066,1.40590416375474,0.809843346119377,-0.276683486360102,-0.509018875563221,0.754850813976461
-1.01358787456145,"milwaukee-brewers",2015,-1.41406766517328,-0.716372043381894,-0.683917013737873,-0.0442178065133039,-0.668737343185906,0.935168051146949
0.391643068347876,"seattle-mariners",2016,0.800172506473365,0.817612292752434,-0.235796603274877,0.551726965667974,-0.501937379394509,-0.496961566237045
-0.467109174541155,"seattle-mariners",2012,-1.20318764882598,-0.418075710621429,-1.00980579026559,1.09221370565495,-0.725131007438165,-0.418792567781435
-0.779382717409893,"chicago-cubs",2021,0.167532457431466,-1.24693805976306,-0.295265354966256,-0.209374232385766,1.40535506137321,3.24223135937542
-2.41881881747077,"oakland-athletics",2023,-1.83582769786788,-1.29166575550433,-0.675704167146172,-1.34930452586685,-0.328219848076073,-0.116654650712543
-1.32586141743019,"colorado-rockies",2012,-0.675987607957733,-0.348673338703323,-0.0223432775078814,-0.695648223166561,-0.725131007438165,-0.442125314424156
-0.545177560258339,"colorado-rockies",2013,0.0620924492578144,-0.403583591061007,0.0799591815605591,0.0882855883975507,-0.725131007438165,-1.01152559974244
-1.16972464599582,"colorado-rockies",2014,-0.0433475589158331,0.0697841675488694,0.488047185723069,0.0775949077656577,-0.725131007438165,-1.08785545626747
-1.01358787456145,"colorado-rockies",2015,-0.78142761613138,-0.379287224147718,0.713483059154684,0.17004419665175,-0.387660815850481,0.464778348236024
-0.467109174541155,"colorado-rockies",2016,-0.465107591610434,-0.0992500608003314,1.14236223671937,0.409132294960811,-0.653818896899126,-0.0852335667973207
0.469711454065061,"colorado-rockies",2017,-0.465107591610434,0.252273450729242,1.96856354085398,0.0681939778714415,-0.725131007438165,0.941723668914227
0.703916611216614,"colorado-rockies",2018,0.483852481952415,0.794871741982721,2.10300217517092,-0.056782258810129,-0.307983755689836,-0.830363134728291
0.860053382650984,"boston-red-sox",2021,1.32737254734161,1.008488237934,-0.568503961669559,-0.261920736459716,-0.568515352395383,1.4128125858907
1.56266885410564,"new-york-mets",2022,2.48721263725176,2.87792426304562,0.521175060557908,0.383147272018652,-0.495357012806956,0.60843130706734
0.547779839782245,"st-louis-cardinals",2012,0.167532457431466,0.529277380720349,-0.872605723059416,-0.486289808152456,-0.725131007438165,-1.01055506972564
-1.09165626027863,"texas-rangers",2014,-0.992307632478683,0.776014107926244,-0.213853394589224,0.0344616446206563,-0.697367466632374,-0.564526951804924
0.547779839782245,"texas-rangers",2015,-0.254227575263132,0.661412228074059,-0.510343352514678,-0.368220165943913,0.00111765838365521,-0.227444669938741
-1.01358787456145,"san-diego-padres",2016,-0.675987607957733,-1.49376733025191,-0.487841902911511,-0.0609055600073365,0.0329581846753543,1.82627465079007
-0.467109174541155,"oakland-athletics",2017,-0.675987607957733,-1.28066278474331,-0.316655586715839,-0.862680671940595,-0.64563894061143,1.28007154524565
1.01619015408535,"atlanta-braves",2012,0.589292490126063,-0.13808287876103,-1.65590859873363,0.0626353943932057,-0.725131007438165,-0.405620958829475
1.25039531123691,"st-louis-cardinals",2013,-0.0433475589158331,0.451000533549178,-0.180893621981517,-0.282517615932129,-0.725131007438165,-0.771807236582159
1.48460046838846,"st-louis-cardinals",2015,0.589292490126063,0.744837014409277,0.196107896609521,0.00315434907992091,-0.548486147353883,-1.10018493500584
0.391643068347876,"st-louis-cardinals",2016,0.0620924492578144,0.82777553127146,0.931818080501184,-0.643747448102599,0.0265910082538375,-0.919855428790767
0.157437911196322,"st-louis-cardinals",2017,-0.886867624305032,0.309807793326591,0.571097279866862,-0.571942352951081,-0.341709378428932,0.708109762812498
0.547779839782245,"st-louis-cardinals",2018,-1.09774764065233,0.430376399261082,0.663041172693887,-0.611045655107956,0.786749958421227,0.169709648147256
0.235506296913507,"st-louis-cardinals",2020,0.167532457431466,-0.862715059298665,-0.398907799344198,-0.202205038741519,-0.0426701974073218,-0.371330801354981
0.703916611216614,"st-louis-cardinals",2021,1.74913258003621,0.477883710529309,-0.798711159659887,1.64985762022106,0.0772447926675271,0.0999419690767062
0.938121768368168,"st-louis-cardinals",2022,1.01105252282066,0.868104709028479,-1.0341909685731,1.39052610573633,-0.241361828803588,-0.518935121396195
-0.779382717409893,"st-louis-cardinals",2023,-0.0433475589158331,-0.191985460773071,-0.725336349706979,1.70388608618877,1.93800753980349,0.148598205952525
0.235506296913507,"new-york-yankees",2014,1.74913258003621,2.16177487603484,-0.851352441122184,-0.881562773615382,-0.725131007438165,-0.148845161641522
0.469711454065061,"new-york-yankees",2015,-0.254227575263132,1.93753008861963,-0.308890696315639,-1.03806035485363,0.624744174834052,-0.496477424878767
0.62584822549943,"seattle-mariners",2018,1.64369257186256,0.91225098427923,1.41570655452546,0.520652704668035,0.0210794674675834,-0.531597322046578
0.547779839782245,"detroit-tigers",2012,-0.675987607957733,0.942346806751215,-0.145917399301223,0.686528758361329,-0.725131007438165,-0.766126790415862
1.01619015408535,"chicago-cubs",2018,1.01105252282066,1.23046331580105,2.58222503573927,0.289791036852576,1.3454685283633,-1.02627341649626
0.860053382650984,"chicago-cubs",2020,1.01105252282066,-0.563166805345661,1.06744585685604,-0.932894851082476,-0.368599978484842,-0.343120319898491
-0.545177560258339,"chicago-cubs",2022,0.0620924492578144,-0.206178379304608,-0.479676863626705,0.353210295609299,1.71969201900555,0.128265848088823
0.157437911196322,"chicago-cubs",2023,0.694732498299714,0.858248807670068,-0.0919823002355413,-0.637851943851727,-0.0328120320169656,1.05013428308328
0.703916611216614,"new-york-mets",2015,0.378412473778764,0.195449371570006,-0.165735857968164,0.178145238344619,-0.418214073823763,-1.00426773101739
0.469711454065061,"new-york-mets",2016,0.272972465605117,0.181222114390195,0.556316969211556,0.469948285256297,1.4765774396406,-0.728613700700208
0.938121768368168,"boston-red-sox",2017,0.272972465605117,1.64906914999324,1.08342635528083,-0.551676824150914,-0.396659586027958,0.758239682008715
1.25039531123691,"chicago-cubs",2015,0.483852481952415,0.282487706072583,0.267242407836258,-0.568426095438611,-0.669843101308499,0.336666989047924
0.860053382650984,"chicago-cubs",2017,0.589292490126063,1.41894780152479,0.812037477139431,0.160753417909494,-0.725131007438165,-0.447350287494765
0.235506296913507,"chicago-cubs",2019,0.905612514647013,2.18135303757253,3.48106488278271,-0.939174276488016,-0.111788262679511,-0.597565484518406
-0.0767672459552316,"tampa-bay-rays",2017,-0.0433475589158331,-0.627792934148503,-0.296951037155579,-0.881866625314163,-0.345456903282213,-0.614376019208307
0.391643068347876,"new-york-mets",2019,0.272972465605117,0.237388272558778,-0.527303900730814,0.881781585375203,0.188199879962908,0.431682236045984
0.157437911196322,"baltimore-orioles",2022,-0.78142761613138,-1.41075058135387,-1.08671048810394,-0.30327889822136,-0.572537824005847,-0.294894653602126
0.703916611216614,"texas-rangers",2023,1.43281255551526,1.16235410900479,0.03647446637986,0.509678438355021,4.59406199234484,-0.796867367521632
0.938121768368168,"texas-rangers",2012,-0.465107591610434,0.875184437069511,-0.195580043918589,-0.692735409799917,-0.725131007438165,-0.902786940475398
-1.09165626027863,"texas-rangers",2018,-0.359667583436783,0.0652453117232223,-0.309596069829283,0.0794001074174119,-0.355616995927943,1.14324333357046
-1.56006657458174,"chicago-cubs",2012,-1.62494768152058,-0.194269126916421,-0.117386447279185,-0.0115315772506524,-0.725131007438165,0.876355717821461
1.25039531123691,"boston-red-sox",2013,1.11649253099431,1.54184638696786,1.81304067606951,-1.66141020901769,-0.725131007438165,-0.775789999257649
-0.232904017389601,"boston-red-sox",2015,-0.675987607957733,0.0400322739684049,0.485658459979101,-1.25029091402166,1.65145120693992,1.65994175566841
0.62584822549943,"milwaukee-brewers",2019,0.378412473778764,0.293699149562766,0.689110652474281,-0.293153343397655,-0.267159165803691,0.129678549613372
-0.232904017389601,"milwaukee-brewers",2020,0.0620924492578144,-1.34865159765185,-1.07832151387077,0.594092618629446,-0.658580733678262,-0.827779468300187
1.48460046838846,"san-diego-padres",2020,0.589292490126063,-0.809807296716509,0.0951057272528002,0.768915688087851,-0.529908305136192,-0.221234529030814
0.62584822549943,"san-diego-padres",2022,1.43281255551526,1.68610911917264,2.00480657087222,-0.700699572737537,-0.121110632971565,0.996992495655438
-0.232904017389601,"texas-rangers",2019,-1.51950767334693,-0.150355440723755,0.584828591203369,-0.354100893637748,0.745114073800535,0.798018536274511
-0.310972403106785,"detroit-tigers",2021,-0.359667583436783,-0.661391841153212,-0.613624912131909,1.16999141173408,0.0214604564287229,-0.592856783125799
-1.16972464599582,"detroit-tigers",2022,-0.359667583436783,0.263930566481318,-0.304725247391781,1.14365914784077,-0.00543688875173508,-0.181035308143434
-0.232904017389601,"detroit-tigers",2023,-0.359667583436783,-0.221511211615207,-1.18430496298056,2.07679269985442,0.394952598648693,-0.188794021133992
0.938121768368168,"detroit-tigers",2013,0.589292490126063,1.16037444212186,-0.598543260112565,0.263647005396168,-0.69781878181011,-0.747560932020751
0.703916611216614,"detroit-tigers",2014,-0.0433475589158331,1.15740152044976,0.0617043842671488,-0.679173235633437,0.148417909410556,-0.65951687112184
0.0793695254791376,"cincinnati-reds",2023,-0.0433475589158331,-1.00753851701275,-1.20237819606151,2.12666651076329,-0.188889625157294,1.26230159556449
-1.01358787456145,"colorado-rockies",2022,-0.148787567089484,-0.545569291199081,0.478314256620621,-0.373521010348871,2.82284917734291,-0.624370431515995
-1.71620334601611,"colorado-rockies",2023,0.272972465605117,-0.374048953059598,0.651358671971638,-0.555512440657366,1.85917854083496,1.79173753323996
-1.48199818886455,"cincinnati-reds",2022,0.0620924492578144,-1.47212901671279,-1.07401583593301,0.619164869211811,2.65739735385458,0.730968936481879
0.62584822549943,"los-angeles-angels",2012,0.589292490126063,1.26700775283437,-0.954289339396926,-0.369600380494275,-0.725131007438165,-0.898296287944441
-0.232904017389601,"los-angeles-angels",2013,-0.148787567089484,0.507266182005499,-0.215072567209822,-0.512214043557099,-0.725131007438165,0.348119352574291
1.32846369695409,"los-angeles-angels",2014,0.800172506473365,0.817409536177358,0.825459594287121,-0.430294278193015,-0.725131007438165,0.846540663989738
0.313574682630691,"los-angeles-angels",2015,0.167532457431466,0.279560763975693,-0.557034350164114,0.395470761087021,0.326168527617432,-0.125723843435405
-0.0767672459552316,"los-angeles-angels",2018,-0.359667583436783,-0.0249809052241251,-0.714033028238333,0.855738949241741,2.45572410096864,0.365260118924581
-0.857451103127078,"los-angeles-angels",2020,0.167532457431466,-0.757082075551361,-1.25657433683,2.42188075409723,-0.696953526079181,-0.83559327051568
0.469711454065061,"san-francisco-giants",2016,1.43281255551526,1.74348970974218,1.73996910596575,-0.683902421190616,-0.698199162604282,-1.0344079752684
-1.247793031713,"washington-nationals",2021,0.589292490126063,-0.89779878948214,-0.192409142308746,2.16392923493428,1.20315203977074,0.872805530074292
-1.16972464599582,"chicago-cubs",2013,-1.09774764065233,-0.781366613780827,0.745982794302,-0.473124108052778,-0.599974945013849,1.3843166365652
-1.95040850316766,"kansas-city-royals",2023,-1.20318764882598,-0.81089121721977,0.503036761214512,0.534567526314138,0.215590061538606,0.276108564169586
1.95301078269157,"houston-astros",2022,1.22193253916796,1.09114297069383,1.43721207609817,-0.135608827598704,0.466323369656135,-0.207857747640231
0.235506296913507,"arizona-diamondbacks",2023,-0.254227575263132,-0.685261061150699,0.14091815776957,-0.67464590838886,-0.106029474377045,1.2808921742623
-1.32586141743019,"detroit-tigers",2017,-0.78142761613138,-0.0412273625423234,0.196709112326375,-0.237504304643569,0.270051302895821,3.62976960118694
1.25039531123691,"minnesota-twins",2020,1.74913258003621,-0.919048425405228,-0.810387188273802,-0.539979203308882,-0.344968158192027,-0.65599085703677
-0.467109174541155,"cincinnati-reds",2019,-0.675987607957733,-0.175891065670711,-0.874916697208596,0.199490733516592,-0.693064021882959,1.51604857866221
1.71880562554001,"houston-astros",2018,0.272972465605117,1.36872650619222,0.896324520628047,-0.442164356546174,-0.694368816467619,-0.855577600530564
0.703916611216614,"houston-astros",2023,1.85457258820986,2.4650160158705,2.18631978312585,0.518015311994368,0.198906825288167,-0.928296835153178
-1.16972464599582,"minnesota-twins",2012,-0.254227575263132,0.309339506790865,-0.715376637928502,0.4849798915112,-0.725131007438165,-1.10018493500584
-0.779382717409893,"washington-nationals",2023,-0.992307632478683,-0.900450938945334,-1.29076553591675,3.81940147914077,1.07995808984706,-0.620231086677458
0.703916611216614,"tampa-bay-rays",2012,0.800172506473365,-0.527125181253227,-0.849677200600973,-0.9954617884472,-0.725131007438165,-0.978101867619319
0.781984996933799,"tampa-bay-rays",2013,1.32737254734161,-0.481536599327466,-0.196097812585321,-0.288657300212486,-0.710179167256083,-0.963524784946302
-0.310972403106785,"tampa-bay-rays",2014,0.167532457431466,-0.613481415850601,0.19130101860236,-0.501525934128527,-0.725131007438165,-0.303526776796175
-0.0767672459552316,"tampa-bay-rays",2015,-0.78142761613138,-0.855724494916638,-0.287704983189415,-0.258668073900475,-0.258447837450182,-0.361333534368603
-1.01358787456145,"tampa-bay-rays",2016,-0.465107591610434,-1.18673880023427,-0.881637679681887,-0.143463855667591,-0.436190881213918,0.125343689653484
-1.01358787456145,"baltimore-orioles",2020,-0.886867624305032,-1.72859937382051,-1.62178833395422,3.02966683846426,-0.111295315708459,-1.02337616057715
-2.2626820460364,"baltimore-orioles",2021,-1.09774764065233,-1.65378009056813,-1.69607113755902,1.10662905988279,-0.300379733520292,0.056604909668271
0.001301139761953,"san-francisco-giants",2022,0.483852481952415,-1.04028425672717,-0.535676392661424,-0.323923492898872,4.25535318579613,0.0934110108742833
-0.623245945975524,"minnesota-twins",2021,0.694732498299714,-0.170414364199161,-0.530855448605484,-0.381229747745115,0.00456121032903532,0.110576558265117
-0.779382717409893,"san-diego-padres",2017,-1.41406766517328,-1.443247584918,-1.22597118830892,0.226773962399014,-0.438587611944639,1.49902934873871
-0.232904017389601,"san-francisco-giants",2020,1.22193253916796,-1.09627724046117,-1.23717043827555,0.49307895379441,-0.646179545757566,-0.250060527803172
0.157437911196322,"milwaukee-brewers",2012,-0.148787567089484,0.365928848118766,-0.653632724420725,-1.128245256537,-0.725131007438165,-0.951758892666776
-0.545177560258339,"milwaukee-brewers",2013,-0.254227575263132,-0.489791706337151,-0.863125982835,-0.453523139135307,-0.670838283618833,-0.625284657550971
0.469711454065061,"minnesota-twins",2023,1.01105252282066,-0.31593235549668,-1.0879624527401,0.0483589841165961,3.21485148938347,-0.892354243882008
-1.71620334601611,"minnesota-twins",2016,-0.992307632478683,-0.666455081099767,0.39360790680673,0.966494045490039,0.615132538217128,-0.555014555030958
-0.857451103127078,"houston-astros",2014,-1.94126770604153,-1.00604441029906,-0.520322566912935,1.22102248909215,-0.706097482298154,-0.732624402784155
-1.247793031713,"boston-red-sox",2020,-0.254227575263132,-1.18997141054167,-1.3617982193057,0.455486457044746,0.195093286674967,-0.155528996998478
-0.232904017389601,"boston-red-sox",2022,1.01105252282066,0.347509417772491,-0.369250700472019,-0.758937702022832,2.04991700693448,1.85753672302847
-2.34075043175358,"houston-astros",2013,-3.52286782864627,-1.69050199958254,-1.03419623255455,0.178290943961733,-0.725131007438165,0.230761082109164
0.469711454065061,"detroit-tigers",2016,0.378412473778764,1.45841625999232,0.0958077352701108,-0.0161102145782604,0.833390836032214,-0.573280246998693
-1.32586141743019,"detroit-tigers",2018,-0.359667583436783,-0.543744148233381,-1.16245564301314,1.95235731290271,1.36037691225117,0.384087575215827
1.17232692551972,"atlanta-braves",2013,-0.148787567089484,0.0269131996539109,-0.504374601619371,0.136398082801034,-0.725131007438165,-1.08785685323789
-1.01358787456145,"arizona-diamondbacks",2020,0.272972465605117,-1.51932515223517,-1.35617110943565,-0.625256777810129,-0.637245738869791,1.33032773842052
-2.2626820460364,"arizona-diamondbacks",2021,-0.359667583436783,-0.811144125745302,-1.13719776561785,0.209816993797194,-0.24443152392772,0.470994502190555
-0.38904078882397,"san-diego-padres",2013,-0.359667583436783,-0.602712786545268,0.299202714327617,-0.614567996571655,-0.725131007438165,-0.561124357019819
-0.38904078882397,"pittsburgh-pirates",2023,-2.36302773873613,-1.29688823415215,-1.28461755076798,-0.965868831124522,0.516820634007572,-0.0189727693908321
-0.623245945975524,"chicago-cubs",2014,-1.30862765699963,-0.824191310034309,-0.239886026499503,-0.169526064138425,-0.725131007438165,1.00638778986526
1.25039531123691,"cincinnati-reds",2012,-0.0433475589158331,-0.0836567053793773,-0.149211012085083,-0.414098563738002,-0.725131007438165,-1.10018493500584
0.703916611216614,"cincinnati-reds",2013,0.483852481952415,0.100534865177579,-0.298069503770498,-0.477534302457938,-0.476335429854669,-1.10018493500584
-0.38904078882397,"cincinnati-reds",2014,0.0620924492578144,0.138072348381304,0.1030415676078,-1.23303920560494,-0.421047523725003,-0.681658001993885
2.10914755412594,"boston-red-sox",2018,0.800172506473365,1.56139156587923,0.598406125245857,-0.685552946765034,0.274142607949417,1.43597599542304
-0.857451103127078,"new-york-mets",2020,1.53825256368891,-0.975316076601668,0.744299528366455,-0.805303678799656,0.126296167697861,0.0185326673564182
0.235506296913507,"cincinnati-reds",2020,0.589292490126063,-0.8607025975463,-0.719208902715318,0.00812163579323006,-0.688713084822179,-0.983438416110222
0.157437911196322,"cincinnati-reds",2021,0.167532457431466,-0.162432422596827,-0.926053946988814,0.339576449019306,1.23933122920806,-0.843481962493406
-1.71620334601611,"texas-rangers",2020,-0.78142761613138,-1.29830967895093,-0.26040744242631,-0.274230091076342,0.209520831643222,-0.16856844040087
-0.623245945975524,"seattle-mariners",2020,-1.09774764065233,-1.40288586263407,-1.54862028628889,0.737911583237033,-0.544397053816533,0.764996038351969
-0.545177560258339,"new-york-mets",2012,-0.570547599784082,0.165603995922157,0.195507889019557,1.91930771490042,-0.725131007438165,-0.860967476848912
-0.38904078882397,"san-francisco-giants",2013,0.589292490126063,0.933974810649016,1.53155306526261,0.71591624812802,-0.725131007438165,-0.969114063608048
-0.232904017389601,"seattle-mariners",2017,0.483852481952415,0.557209388527924,0.325792379028522,0.219458467547198,0.90308334264909,-0.484456433652464
0.235506296913507,"boston-red-sox",2019,0.272972465605117,1.51759082588447,-0.16259188032899,-0.751402741362811,1.35279765906357,0.472184235088051
0.391643068347876,"oakland-athletics",2021,2.27633262090446,-0.87414006581581,-0.0835074626984739,-0.4271710988132,1.17661235205504,-0.94833358192784
0.391643068347876,"tampa-bay-rays",2022,0.0620924492578144,-0.881258012814095,-0.488347935488463,-0.656230400014142,1.1199609355844,-0.404431347407668
0.547779839782245,"pittsburgh-pirates",2014,-0.148787567089484,-0.50544334984029,0.570249088495978,-0.904422802833216,-0.697182970889619,-0.655524997769678
-0.935519488844262,"oakland-athletics",2016,-1.20318764882598,-1.35658887397718,-0.408726591750546,-0.369338685279098,0.367049179440393,1.03162819072713
-0.935519488844262,"miami-marlins",2022,-0.254227575263132,-0.913114848844251,-0.823655441832695,-0.179529169512803,0.435879747600709,-0.451832315251807
0.235506296913507,"san-francisco-giants",2015,1.64369257186256,0.8344303863412,2.3073937726171,-1.04251474419921,1.39924248575942,-0.351767809767191
1.25039531123691,"oakland-athletics",2018,1.11649253099431,-0.658940487248728,1.04372851383383,-1.00812623942196,-0.450206144266164,-0.485601099069362
-1.01358787456145,"seattle-mariners",2019,-0.992307632478683,-0.17539962245237,-0.758276792284461,0.409614036117368,-0.413367314820812,2.01160166684821
0.001301139761953,"philadelphia-phillies",2012,1.53825256368891,1.56282431781493,0.223774865316339,-0.581275823034474,-0.725131007438165,-0.473489851406175
-0.623245945975524,"philadelphia-phillies",2013,1.01105252282066,1.27572949829156,0.121208085343532,0.11134174260783,-0.682792026515222,-0.595603652141996
-0.467109174541155,"colorado-rockies",2021,-0.148787567089484,-0.275712723451742,-1.03158003377633,0.919358214985022,-0.397203397872649,0.0885734845135536
-0.779382717409893,"colorado-rockies",2019,-0.570547599784082,0.571512562075334,2.13424951420818,0.3016910506002,-0.0384052330405733,-0.0149065529170384
0.0793695254791376,"milwaukee-brewers",2014,0.483852481952415,0.314243758378674,-0.745614328065644,-0.235631224025055,-0.725131007438165,-1.06857143359933
-2.02847688888485,"houston-astros",2012,-2.46846774690978,-1.44746009841379,-1.33519517891423,1.98772341078737,-0.725131007438165,0.77167884116557
0.860053382650984,"cleveland-guardians",2013,0.272972465605117,-0.326635666267538,-0.466526316144715,-1.48223274275437,-0.636526443211044,-0.255074436864245
0.313574682630691,"cleveland-guardians",2014,-0.148787567089484,-0.675734527094201,-0.870608603017053,0.79043622180198,-0.725131007438165,0.322048179475755
-0.38904078882397,"seattle-mariners",2015,-0.359667583436783,0.0576467070966072,-1.10567842544099,1.36372312839656,-0.648658489604702,0.47422022837256
-1.32586141743019,"detroit-tigers",2020,-1.20318764882598,-1.32420408644528,-1.49545329704031,2.25618112242678,-0.387397590129398,-0.706104073325757
-2.65302397462232,"detroit-tigers",2019,-1.09774764065233,-0.425619406789807,-0.782274507039705,1.9517518618872,0.0897467151531917,0.488019259257905
0.235506296913507,"miami-marlins",2020,0.378412473778764,-1.57972232838376,-0.891126998626638,-1.35609314681468,-0.564938224868794,-0.350967710141976
0.391643068347876,"houston-astros",2015,-0.254227575263132,-0.590247732050572,-0.308200683272441,-0.898371762286788,-0.114702764651137,-0.908819423188248
-0.545177560258339,"arizona-diamondbacks",2022,-0.0433475589158331,-0.833113246055796,-0.31227163941462,0.840741880590038,0.337776665812605,-0.521146343362003
