"Wins","Team","Year","Average.Age","Active.Payroll","Median_Exp","Diff_From_League_Avg_Payroll","Position_Percent_Payroll_RP","Retained","Top3_Percent"
-1.32586141743019,"cincinnati-reds",2015,-0.465107591610434,-0.514578348203711,-0.466352289815434,-0.321848382516686,0.512579566347886,0.165153641695649,-0.657874627681532
-1.01358787456145,"cincinnati-reds",2016,-0.886867624305032,-0.611834203827264,-2.16574298670284,-0.894500632445785,-1.0565000521561,-0.440404489814606,2.2716812522804
0.938121768368168,"cleveland-guardians",2019,-0.254227575263132,-0.195549169918118,-0.421467755195761,-0.603950839600232,-0.849056380176748,-0.118337149742231,0.195429571728687
-1.87234011745048,"miami-marlins",2019,-0.465107591610434,-0.553022592857757,-1.35871016621447,-1.22130651244706,-0.488739457794056,-0.798438108917494,2.82079060185239
-0.467109174541155,"detroit-tigers",2015,-0.465107591610434,0.34980797929547,-1.32138045425355,0.662758054590314,-0.736824760158314,0.430931516288323,0.248783220210305
-0.545177560258339,"los-angeles-angels",2016,-0.148787567089484,-0.068844543775717,-0.413468531204136,0.798343177888424,-1.01496836992649,1.4706773481046,0.256672751277969
-0.0767672459552316,"los-angeles-angels",2017,1.11649253099431,0.335340038649598,0.918402263401398,0.516179720491234,-0.627708974719974,1.34440920028266,0.702000179876987
-0.857451103127078,"minnesota-twins",2014,-0.886867624305032,-0.437496031203571,-0.431688985851726,-0.637503282541337,1.36114049301765,-0.168609924348643,1.30330315585575
0.157437911196322,"minnesota-twins",2015,0.272972465605117,0.173917557909037,-0.402358497882435,-0.438458678213411,1.01122227291553,-0.860270449345764,0.441373681277421
-1.63813496029892,"texas-rangers",2021,-0.886867624305032,-1.42420886977585,-1.33871210623541,-0.688273536437686,0.456058796242227,2.47828842633312,0.200275993405412
-1.01358787456145,"texas-rangers",2022,-0.675987607957733,0.154952839841873,-0.502793199110613,-0.00427051727586759,-1.27084853811271,0.723428090139438,1.17180599775738
1.09425853980254,"new-york-yankees",2012,2.69809265359906,2.51468413769296,3.96521780154472,2.33944360829345,-0.411813281510382,-0.375064721081674,-0.672741522212229
-0.154835631672416,"pittsburgh-pirates",2012,0.378412473778764,-0.733900921955679,0.375343834636646,-0.910533039167851,1.36083747072754,-0.906661832739108,0.415370070417603
0.313574682630691,"new-york-yankees",2013,2.06545260455716,2.68431975134823,3.02753098919314,2.44671148243704,-1.01548682407865,-0.446624470253338,-0.821788166079408
1.01619015408535,"pittsburgh-pirates",2013,0.378412473778764,-0.528819791459358,0.433116007909491,-0.774930696854753,0.290604502942427,-1.04962857540359,2.07547307135501
-0.623245945975524,"philadelphia-phillies",2014,1.32737254734161,1.08505722760763,1.29303258700916,1.09283832184352,-0.722805611112285,-0.841215104662063,0.346712580344075
1.32846369695409,"pittsburgh-pirates",2015,1.22193253916796,-0.233809391961942,1.26770171103568,-0.576705039735545,1.23491489233664,-0.932562575446058,-1.06209716513105
0.157437911196322,"washington-nationals",2015,0.167532457431466,1.10355730996741,0.449558857225609,0.731803538349989,-0.240688166792021,-0.978709246064029,-0.710892037472172
1.09425853980254,"washington-nationals",2016,0.694732498299714,0.548770238046141,2.17605803541797,0.112426718572651,0.717281424900884,-0.23723463866194,0.276666969352467
1.25039531123691,"washington-nationals",2017,1.32737254734161,1.02610116900711,1.391245281573,0.394354062976482,0.0323708514577564,-0.738631375602328,-0.679368558388632
1.48460046838846,"new-york-yankees",2018,-0.359667583436783,1.14530246671164,-0.441021413841955,0.820298475900116,1.04231974611724,-0.538395466026829,-0.166545494144621
0.0793695254791376,"washington-nationals",2018,-0.465107591610434,0.309665264988191,0.41533995459477,0.406156879693609,0.0185142169474878,1.39988921250909,-0.645003448067672
0.391643068347876,"toronto-blue-jays",2020,-0.254227575263132,-1.24429563193419,-1.36226537687741,-0.139168551025613,-0.345142827697593,-0.209341148015744,-0.400389112193925
0.391643068347876,"los-angeles-dodgers",2012,1.22193253916796,0.413924473323899,2.64801225092383,0.197697211463489,-0.969486891278045,-0.842049096004493,-0.876809401498391
0.860053382650984,"los-angeles-dodgers",2013,1.32737254734161,2.39365481808382,3.93322090557822,2.48971453980812,-1.18809335143729,0.269278289869611,-1.55648485636294
1.01619015408535,"los-angeles-dodgers",2014,1.11649253099431,2.97169691550449,3.11818886109823,2.42064713542954,-0.80363215817676,-0.917971401593124,-1.31325531901366
0.860053382650984,"los-angeles-dodgers",2015,0.483852481952415,2.22942864721113,1.38191285358277,3.42076762380602,-0.947811582488062,3.17115508344574,-1.59082443673071
0.781984996933799,"los-angeles-dodgers",2016,0.694732498299714,2.10224052622523,0.479333746527768,2.62516280085262,-0.970130543837429,2.09783549703051,-1.22823994847672
-0.779382717409893,"philadelphia-phillies",2016,-1.09774764065233,-0.820160044519204,-0.472129507142718,-0.592715915114105,-0.251907565823199,0.230528516902685,1.18949218059972
-0.310972403106785,"miami-marlins",2017,1.11649253099431,-0.432909276510101,0.377121439968118,-0.578447132840129,1.86160325585341,-0.263046218213207,-0.212320709434966
-1.16972464599582,"san-diego-padres",2018,-2.04670771421518,-0.89395014883155,-0.527679673751224,-0.684709158175904,1.02900480149742,1.60139976648866,0.508939471572058
1.01619015408535,"oakland-athletics",2012,-0.675987607957733,-0.761525071055733,0.361122991984868,-0.92334731394733,0.829230148363964,-0.865624004433119,-0.704574901745619
1.17232692551972,"oakland-athletics",2013,0.167532457431466,-0.585091218655395,0.433116007909491,-0.862378691681993,-0.612919926492817,-0.979645216247325,-0.382677364428647
0.547779839782245,"oakland-athletics",2014,1.32737254734161,-0.5684248952162,1.34058352962604,-0.530918211964498,0.843990423686468,0.27280837339026,-0.57219721180875
-1.01358787456145,"oakland-athletics",2015,0.0620924492578144,-1.06842171229185,-0.0290613782732764,-0.953309756268629,0.862916595095935,0.689643271530942,-0.811959661963101
1.09425853980254,"texas-rangers",2016,-0.254227575263132,0.868127344164188,0.391342282619895,0.575562459091263,-0.791652353083081,-0.696100671817088,-0.248635875422734
-0.232904017389601,"texas-rangers",2017,0.483852481952415,0.693733720673477,-0.416579340534213,0.461634350695623,-0.468978977223813,0.956216022294207,-0.266878184498231
-0.701314331692708,"atlanta-braves",2017,-0.570547599784082,-0.258647458353408,-0.48323954046442,-0.688057288346559,-0.865986450890729,0.177616804429701,1.6028256065068
0.703916611216614,"atlanta-braves",2018,-0.78142761613138,-0.40355131773848,-0.452575848496524,-0.152807085865743,-0.187345691995362,1.47467177244623,0.979651761394812
1.25039531123691,"atlanta-braves",2019,0.905612514647013,0.514187046859043,0.427783191915075,0.129334766416633,2.00634767529823,-0.0195429155368805,0.792119671414201
1.01619015408535,"atlanta-braves",2020,1.32737254734161,-0.889826486066624,0.494443391845282,0.25950654018171,1.67037480754617,-1.0394298409871,0.0346253700361562
0.62584822549943,"atlanta-braves",2021,0.378412473778764,0.464032676425423,1.25614727638111,0.437363470608585,0.866952968503769,-0.0229708380031294,-0.521873885108431
1.56266885410564,"atlanta-braves",2022,1.22193253916796,1.05398801085265,1.3050314229966,0.586587158387064,0.845388936858157,-0.449624676818823,-1.27228796831915
1.7968740112572,"atlanta-braves",2023,0.694732498299714,1.35758620169998,1.31258624565535,0.799929682023173,0.390375850146995,-0.404864894141501,-1.36829167792598
0.313574682630691,"chicago-white-sox",2012,0.0620924492578144,0.313099588776861,-0.418356945865685,0.0324693213169519,2.09175141143269,-1.05637405967269,0.1054958218189
0.703916611216614,"texas-rangers",2013,0.694732498299714,0.647781516245034,1.3285846936386,0.538254580724811,-0.754591349186371,-0.304276221059102,-1.08053562721693
-0.779382717409893,"boston-red-sox",2014,-0.148787567089484,0.0481167725542837,0.490888181182337,0.994712324571623,-0.0599477687824974,2.6289810228143,-1.59270894788409
0.703916611216614,"st-louis-cardinals",2014,-0.359667583436783,0.449136545769938,-0.480128731134343,0.031299384688764,0.722981274724035,-0.75398614563595,0.5562278173849
-1.09165626027863,"atlanta-braves",2015,-0.992307632478683,-0.793040231277,-0.527679673751224,-0.349904489124996,-0.923542106315909,1.5909661588276,-1.2165857123732
-1.01358787456145,"atlanta-braves",2016,-1.20318764882598,-0.963697304978102,-0.902309997358987,-0.747204427717735,0.526747294133199,1.40517079325075,0.931897518653019
0.001301139761953,"arizona-diamondbacks",2012,0.800172506473365,-0.397150163945568,1.31569705498543,-0.489792888772905,0.130545619851285,-0.593837031197715,-1.59615292807476
0.001301139761953,"arizona-diamondbacks",2013,0.378412473778764,-0.31262528915301,2.16628120609487,-0.442258417923281,1.36663686448022,-0.497862976586838,-1.06529139330979
-1.32586141743019,"arizona-diamondbacks",2014,-0.886867624305032,-0.516038074545373,-0.0343941942676928,-0.265049467051101,0.171453068083174,0.608630102032293,-1.29925456767474
-0.154835631672416,"arizona-diamondbacks",2015,-1.94126770604153,-1.0007190200158,-1.36315417954315,-1.02434815230588,1.34047238329938,0.750195197459921,-0.448765790698898
-0.935519488844262,"arizona-diamondbacks",2016,-1.94126770604153,-0.298085395896022,-0.918308445342237,-0.71175766061432,0.0486986122905602,-0.0400003326223483,1.21979319300753
0.938121768368168,"arizona-diamondbacks",2017,0.483852481952415,-0.239217937683849,-0.411246524539796,-0.739415954755207,-0.356133032269264,-1.00469799790762,1.81328906531931
0.0793695254791376,"arizona-diamondbacks",2018,1.11649253099431,0.308549279781164,0.467779311873199,0.0620303989503159,-0.0300760833419671,-0.758195338995629,-0.124963032887014
1.95301078269157,"los-angeles-dodgers",2019,0.483852481952415,1.3410659948419,-0.421467755195761,1.37527002886254,-0.873893822458223,1.44915732243011,-0.456946571440034
2.73369463986341,"los-angeles-dodgers",2020,0.167532457431466,0.0219974948960522,0.385120663959743,1.33953578285398,-0.043049265696498,-0.0726506290339723,-0.153634133541589
1.95301078269157,"los-angeles-dodgers",2021,0.800172506473365,1.70128634274844,1.27392332969583,2.66215416932599,-0.359170027873998,-0.726615547092804,-0.449246322448808
0.001301139761953,"chicago-white-sox",2022,1.85457258820986,1.2848037468714,1.27259012569723,1.04633600520307,-0.626220807084118,0.436877386834958,-1.4127442039876
2.34335271127749,"los-angeles-dodgers",2022,1.74913258003621,2.87669410078999,1.77743003983533,2.37374738242363,-0.704601516805972,-0.776278149313662,-1.11839837224121
-0.154835631672416,"san-francisco-giants",2023,0.272972465605117,0.781367077609875,0.479333746527768,0.427628928835273,-1.10556785227558,-0.17259712088678,-1.30566854687335
0.547779839782245,"seattle-mariners",2023,-1.09774764065233,-0.437360429008078,-0.476129119138531,-0.746743107370697,-1.53106533653155,0.392219643736348,-0.359244096690867
1.25039531123691,"oakland-athletics",2019,0.694732498299714,-0.20032403614955,-0.388137655230658,-0.765868900720011,1.20025929771321,-0.257720359582931,-0.604283813752939
1.25039531123691,"oakland-athletics",2020,1.53825256368891,-1.20639329537708,0.488666174517997,-0.587320507818443,0.32684716366749,-1.09331256937964,-0.316157439440983
-1.63813496029892,"oakland-athletics",2022,-0.78142761613138,-1.62544402994174,-1.32404686225076,-2.01177659179612,0.466656679465689,0.294722041034762,-0.298268937776836
0.235506296913507,"miami-marlins",2023,0.905612514647013,-0.524238273096821,-0.417468143199949,-1.19196142931594,0.930730175204014,-0.450380255604041,0.726009306110276
-0.935519488844262,"miami-marlins",2012,-0.570547599784082,-0.257970052370357,-1.29293876895,-0.17937680918533,-0.232041500731011,-0.0524589400180647,0.542651899471694
-1.48199818886455,"miami-marlins",2013,-1.73038768969423,-1.38923796061903,-0.466352289815434,-1.47190026598482,1.00411900247653,-0.681296308130061,-0.907152479340759
-0.310972403106785,"miami-marlins",2014,-1.09774764065233,-1.05591848056366,0.401119111942992,-1.36734131136341,1.57785884491414,-0.617949773239131,-0.810088156582579
-0.779382717409893,"miami-marlins",2015,-0.78142761613138,-1.35477820915358,-0.445465427170635,-1.28501005203594,1.01487690950635,0.0859577485035696,-0.0713010131690469
-0.0767672459552316,"miami-marlins",2016,0.167532457431466,-0.673202062214937,0.361122991984868,-1.11010647184021,2.3822276900308,-0.490828926818662,0.326186248396122
-0.857451103127078,"new-york-mets",2017,-1.30862765699963,-0.925746923520041,-0.404136103213907,0.0780759106193115,0.168663775550526,1.95313699694447,0.0241218218942816
-0.310972403106785,"new-york-mets",2018,0.0620924492578144,-0.218138513808918,-0.478351125802871,0.229268452005714,-0.157798592895759,-0.170029732200995,0.269960494109078
-0.857451103127078,"colorado-rockies",2020,0.589292490126063,-1.44304096889583,0.412229145264693,0.157643360615225,0.289997114744929,0.773690053409535,1.37838337337662
-0.310972403106785,"los-angeles-angels",2021,0.905612514647013,-1.23386394279184,-0.416579340534213,1.05182196612756,-1.46369074954781,1.73403232934348,1.53253287728722
0.235506296913507,"houston-astros",2016,-1.09774764065233,-0.36862768159319,-1.28760595295558,-0.673141144352628,0.323789582343156,-0.131077155571381,-0.410894714780235
1.56266885410564,"houston-astros",2017,0.272972465605117,0.814852162217876,-0.859647469403654,-0.0334889805098889,1.09650953142409,-0.90067095544972,0.607466765926206
2.03107916840875,"houston-astros",2019,0.694732498299714,1.25710931411033,-0.0237285622788597,0.587579034117682,-0.0125530112869728,-0.992225420807672,0.968598509489075
-0.232904017389601,"pittsburgh-pirates",2016,0.167532457431466,-0.746856439160533,0.433116007909491,-0.679278772738809,2.88815417058596,0.798950862187139,-1.37225133220492
-0.467109174541155,"pittsburgh-pirates",2017,-0.148787567089484,-0.55524327699677,-0.00595250896413783,-0.781237274722599,1.36326137905616,-0.226712293010111,-0.954586056807678
-1.40392980314737,"philadelphia-phillies",2015,-0.465107591610434,-0.840967158323709,-0.404136103213907,0.258894060437005,-0.679626155624512,2.04115597311362,0.838769037837103
-1.16972464599582,"philadelphia-phillies",2017,-2.67934776325708,-1.45982213696367,-1.26538588631218,-0.711725371832491,1.20243748088935,2.79855434267633,-0.376716112178447
-0.0767672459552316,"philadelphia-phillies",2018,-0.886867624305032,0.0814618948346597,-0.4876835537931,-0.677536096709113,0.47273351258173,-0.678865701070024,2.13117294050628
0.001301139761953,"philadelphia-phillies",2019,-0.359667583436783,-0.217129237098806,0.433116007909491,0.439357677836176,1.50894720891427,-0.887571320843458,-0.666495606179245
-0.310972403106785,"san-francisco-giants",2019,-0.0433475589158331,0.915996963636894,-1.36670939020609,0.813711829192104,0.213170263214461,0.797380849645411,-0.484625597436493
1.09425853980254,"milwaukee-brewers",2021,1.11649253099431,-0.274832373136729,0.00915713635337565,-0.617362257595238,-0.312769156080278,-0.476610501117246,0.225480754464666
0.391643068347876,"milwaukee-brewers",2022,0.694732498299714,0.0131755915710854,0.411784743931825,-0.385011927287201,0.420605458420696,0.51228414959972,0.119300642967914
0.860053382650984,"milwaukee-brewers",2023,1.11649253099431,-0.141275976674857,0.431338402578019,-0.798683868964241,-0.572893734352623,-0.274753862899885,-0.178751039949955
1.17232692551972,"washington-nationals",2014,0.589292490126063,1.03841416128597,0.877517340777538,0.46480018075287,0.478522342917173,-1.09188741659698,-0.653552332544012
0.938121768368168,"washington-nationals",2019,1.43281255551526,0.526569822113889,0.457558081217234,-0.0513861864019952,0.374551074527925,-0.246051404903181,2.13966325433075
-0.857451103127078,"washington-nationals",2020,1.53825256368891,-1.36119463383989,0.905959026081092,0.31636655739647,-0.372933932447024,-0.666693108183921,0.298242328670399
1.09425853980254,"kansas-city-royals",2015,1.01105252282066,0.388643509300078,1.30547582432947,-0.0413183794260121,1.09373206233609,-0.854343529006604,-1.66979195494808
1.7968740112572,"chicago-cubs",2016,0.272972465605117,1.42418409073466,-0.365028785921519,0.997062842633353,0.145773363568961,0.0788936942402255,-0.64206460386436
1.09425853980254,"milwaukee-brewers",2018,0.905612514647013,-0.0672312948868815,0.425116783917867,-0.584968675705189,1.02935896079811,-0.408796940716858,0.0678717729973425
-2.10654527460203,"baltimore-orioles",2019,-1.41406766517328,-0.840940329950878,-1.40403910216701,-1.26635144780513,0.0540343828567384,-0.56043953782341,3.34746129817659
-1.09165626027863,"chicago-white-sox",2017,-1.62494768152058,-1.263627685918,-1.30093799294162,-1.07779384540413,1.06669712687063,1.62444467648643,1.54872520075355
-1.48199818886455,"chicago-white-sox",2018,-1.09774764065233,-0.747897926607543,-1.35026654088998,-1.31890514231002,0.802917505120555,-0.633630705497562,2.2561565292511
-0.701314331692708,"chicago-white-sox",2019,-0.359667583436783,-0.537842010519881,-1.30360440093883,-0.909591161945054,0.930636615188309,-0.305691595048807,-0.287050963183292
1.01619015408535,"chicago-white-sox",2020,-0.570547599784082,-1.04470428330581,0.452225265222818,-0.265669821224864,-0.517882807156044,-0.62566190030298,0.0306923703808022
0.938121768368168,"chicago-white-sox",2021,0.167532457431466,0.682555593599633,0.442004034566853,0.203648321597931,0.506025713881602,-0.486784758182411,-0.114301547003012
-1.56006657458174,"chicago-white-sox",2023,0.0620924492578144,-0.163117130236559,0.383787459961138,-0.0571736638587401,0.171730530299135,1.25717872281043,-1.02026012609521
1.01619015408535,"cleveland-guardians",2020,-0.0433475589158331,-1.22334993268589,-0.417912544532817,-1.97292310560824,-1.04425613168402,-0.901618283609933,1.21964557599131
-0.0767672459552316,"cleveland-guardians",2021,-1.30862765699963,-1.19808117285966,-0.413024129871268,-1.57981866676945,0.00470352985589812,-0.379011466215393,0.0610866730687006
0.860053382650984,"cleveland-guardians",2022,-2.36302773873613,-0.763620771694255,-0.420134551197157,-1.65542968876136,-1.32320518929088,-0.819587512265018,1.28452631173471
-0.38904078882397,"cleveland-guardians",2023,-1.62494768152058,-0.797541473139806,-0.381916036570505,-1.46018961796134,-1.359927405101,0.74608798294111,-0.12055982674335
1.40653208267128,"tampa-bay-rays",2023,-0.359667583436783,-0.842127516741476,-0.40813571520972,-1.70733712021194,-0.0401907408911009,-0.92062358030979,-1.10583938559002
-0.935519488844262,"boston-red-sox",2012,0.694732498299714,1.52878445333236,1.34280553629038,1.30454027816941,-1.13689462693058,-0.685723793302768,-0.618277974021933
-0.701314331692708,"kansas-city-royals",2012,-1.51950767334693,-0.557565475025516,-0.454797855160865,-0.728234513154117,1.71178619523799,-0.943527760721924,-1.10583828454368
0.391643068347876,"kansas-city-royals",2013,0.378412473778764,-0.344572540554745,0.374899433303777,-0.519679646337118,-0.088792273136694,-0.711483199045634,-0.112810924137169
0.62584822549943,"kansas-city-royals",2014,0.905612514647013,-0.0537126113332094,0.377121439968118,-0.418880242526464,0.605222758837327,-0.815539942309477,-0.730280273169846
-1.01358787456145,"cleveland-guardians",2012,-0.78142761613138,-0.459968319106847,0.459335686548706,-0.59558431174956,1.05985872945365,-0.736122963363524,-1.1709075630085
-1.48199818886455,"pittsburgh-pirates",2022,-1.83582769786788,-1.30676754253569,-1.34893333689137,-1.85883024215706,-0.0643487949946451,-0.306168933768504,-0.0582260095801524
-0.38904078882397,"san-diego-padres",2012,-0.359667583436783,-0.689649836638751,1.27658973769304,-0.856934695437533,1.95936760419446,-0.945303431605031,-0.961477441922355
-0.545177560258339,"new-york-mets",2013,0.167532457431466,-0.474613731733804,0.401119111942992,-0.185685688454698,-0.303388051050904,0.703591960465063,1.83587793647379
-0.779382717409893,"seattle-mariners",2013,-0.992307632478683,-0.6226274918703,-0.442354617840559,-0.552845358315984,-1.07716791639199,0.0366978989293985,0.524606697778633
-0.154835631672416,"atlanta-braves",2014,-0.886867624305032,0.200311106654059,0.39489749328284,-0.0571227076411807,-0.42045323952311,-0.243751444946601,-0.336936432085637
-0.154835631672416,"new-york-mets",2014,-0.359667583436783,-0.398256969927054,-0.375694417910352,-0.499506946491894,-0.206276236857225,0.0715077294011856,0.652234070749385
0.469711454065061,"seattle-mariners",2014,-0.359667583436783,0.150592165301103,0.425116783917867,-0.0834340304679691,-0.707947662725729,-0.340712003627375,1.54065112589523
-1.16972464599582,"minnesota-twins",2013,-0.675987607957733,-0.733326427608068,-0.485017145795892,-0.580886071749298,-0.252932867273271,-0.0625885547675443,1.79902037696744
0.235506296913507,"new-york-yankees",2016,-0.254227575263132,1.3790115154828,-0.425911768524442,1.71615297727783,-1.18499614734529,1.951191199359,-0.91735452341027
0.781984996933799,"new-york-yankees",2017,-0.359667583436783,1.49611717513443,0.379343446632458,1.36356102159211,0.590015248516972,1.09674462640594,-0.814715591399633
1.71880562554001,"new-york-yankees",2019,0.800172506473365,1.6444065415178,-0.405024905879643,1.69179289120579,0.22279056380761,-0.628117106190027,-0.982882234255074
0.62584822549943,"new-york-yankees",2020,1.22193253916796,-0.331616877316758,0.422005974587791,2.23334742482275,-0.435339512256644,0.356489391969448,-0.654865001137262
0.860053382650984,"new-york-yankees",2021,1.11649253099431,1.00986558072643,0.0482644536457633,1.48299493473692,-0.143055887031688,-0.363452374072971,0.0970237603273239
1.40653208267128,"new-york-yankees",2022,1.85457258820986,2.5360797650259,1.24992565772096,2.02944165714839,-0.260911241236414,-0.364340239883446,-0.543631365110971
1.56266885410564,"baltimore-orioles",2023,0.167532457431466,-0.83346933742116,-0.452131447163656,-1.87121268337875,-0.409191262888099,-0.501204529838249,0.401529290979256
0.0793695254791376,"new-york-yankees",2023,0.694732498299714,1.96529511796986,1.26148009237553,2.23080372603751,-1.47841122435409,1.07913854742916,-0.0525261832792376
0.938121768368168,"boston-red-sox",2016,0.694732498299714,1.50225845253515,0.372677426639437,1.45957621673389,-0.379112596317111,-0.966868524760115,-0.507972547220734
-0.623245945975524,"milwaukee-brewers",2016,-0.78142761613138,-0.910556494376585,-1.33382369157386,-1.41745847967629,0.282025245160765,-0.596115672170886,2.38802876355444
-1.32586141743019,"san-francisco-giants",2017,0.272972465605117,1.64143866841974,-0.401469695216699,0.983420874133771,-0.466577972979662,-0.714197634052883,-0.512333412785287
-0.623245945975524,"toronto-blue-jays",2012,0.272972465605117,-0.0587025635085693,2.16850321275921,-0.22064719576111,1.67155520039678,-0.791395616588937,-1.51408326683018
-0.545177560258339,"toronto-blue-jays",2013,1.53825256368891,0.525265871402034,1.31214184432249,0.416413786917316,-0.32371731675315,-0.759229097108523,-1.11551231760457
0.157437911196322,"toronto-blue-jays",2014,0.167532457431466,0.605295554275893,0.877072939444669,0.435823763833562,-0.918353978889604,-0.785185657894543,-0.568434971572379
0.938121768368168,"toronto-blue-jays",2015,1.64369257186256,0.277767080719348,1.31125304165675,0.191453082988637,-1.81920353606431,0.431317626765625,-0.580388201671081
0.62584822549943,"toronto-blue-jays",2016,1.96001259638351,0.85994767369895,1.31836346298264,0.286348393362519,0.7842947242226,-0.332169043589009,-0.641268604921653
-0.38904078882397,"toronto-blue-jays",2017,0.905612514647013,0.674058551411314,-0.411690925872664,0.703037412488245,-0.648778489610601,0.564931045070811,-0.761638465724786
-0.623245945975524,"toronto-blue-jays",2018,-1.09774764065233,-0.246549385123468,-1.27338511030381,0.244249824990355,-0.442886783199819,1.86021501901825,0.22308379544477
-0.857451103127078,"san-diego-padres",2019,-2.36302773873613,-0.577138212475392,-1.27827352496535,-0.654989450482036,0.659046687767108,0.440670768911389,-0.0415620103608046
2.10914755412594,"tampa-bay-rays",2020,0.0620924492578144,-1.48832928583701,-1.30804841426751,-1.39980544168284,-0.448456538449414,-0.973428029749439,1.2070439032632
-0.310972403106785,"new-york-mets",2021,1.85457258820986,1.74101177780738,1.76720880917937,1.39445604002264,0.723058452864308,-0.521660246264071,-0.100316826947303
-0.623245945975524,"los-angeles-angels",2022,-0.148787567089484,0.521395179748269,-0.518791647093863,0.585380266282781,-0.713488475847442,1.92261878108731,2.1169772981717
-0.623245945975524,"los-angeles-angels",2023,-1.09774764065233,-1.02937435079601,-0.438799407177615,1.28000595742801,-0.867484600898226,0.615251073720222,0.824207278265824
-0.38904078882397,"philadelphia-phillies",2020,0.483852481952415,-0.751155320823911,1.26503530303847,1.12105971900806,-0.73027327552378,-0.938496359161643,-0.456783681397522
0.0793695254791376,"philadelphia-phillies",2021,0.272972465605117,1.00080806337132,1.25792488171259,1.18489100416525,-0.795267056690219,-0.261764831908404,-0.265330327180137
0.469711454065061,"philadelphia-phillies",2022,0.483852481952415,1.48135608340378,1.29703219900497,1.86201167352978,-0.996823963624166,0.779360660045027,-0.925117405386917
0.703916611216614,"philadelphia-phillies",2023,0.589292490126063,2.61812430876789,0.482888957190713,1.57413651235371,-1.07994383782311,-0.896970077110419,-0.849441185420252
-0.154835631672416,"san-diego-padres",2021,1.32737254734161,0.685647636585005,0.442004034566853,0.971156710064029,0.0655630318355591,-0.945328334121264,0.486022977627727
1.01619015408535,"san-francisco-giants",2012,1.22193253916796,0.609872170097516,1.37346922825828,0.589748692582637,1.20808955680458,-0.207468175105794,-0.0163017027467225
-1.09165626027863,"toronto-blue-jays",2019,-2.46846774690978,-1.1781442079127,-1.36404298220889,-0.514390343926642,-0.0905146734050958,2.86910377854306,0.267345088453755
2.03107916840875,"san-francisco-giants",2021,1.85457258820986,0.86107957651754,1.3703584189282,0.815505074139963,-2.02519169920733,-0.313130644763915,-0.334568510074163
-0.232904017389601,"minnesota-twins",2022,-0.886867624305032,-0.334902789717931,-0.420134551197157,0.00217218842580126,-0.332684708284854,0.0336041560834285,-0.112431585835101
-2.02847688888485,"washington-nationals",2022,1.01105252282066,-0.711870154800926,-0.512570028433711,-0.463258063895373,-0.803660784189372,0.456521402707272,2.02234161885894
0.313574682630691,"minnesota-twins",2017,-0.0433475589158331,-0.364980128567577,-0.513903232432315,-0.375247896089951,2.7144908362911,0.0840395866373339,0.231976346387866
-0.232904017389601,"minnesota-twins",2018,-0.78142761613138,-0.768909361627842,-0.466796691148302,-0.455984065487378,0.105310489777467,0.677279354434756,0.132834549663778
0.391643068347876,"milwaukee-brewers",2017,0.167532457431466,-0.741276617434781,-1.33649009957107,-1.40482587927141,0.657587193720992,-0.733716226276364,4.07066662758744
-0.623245945975524,"san-francisco-giants",2018,0.589292490126063,0.554460523406529,-0.418356945865685,1.32551071926404,-0.436460820057634,0.183573364836962,-1.04561926866507
-0.310972403106785,"san-diego-padres",2014,-0.254227575263132,-0.538553004123663,-0.0126185289571588,-0.686755731838742,1.50470587894791,-0.0922560156372022,-1.20066667078641
0.001301139761953,"cleveland-guardians",2015,-0.78142761613138,-0.992828140503212,-0.396136879222282,-1.0120452312909,-0.730212157308458,0.710838410475353,-0.745114984121378
-0.545177560258339,"san-diego-padres",2015,-0.254227575263132,0.0021013983646176,-0.453909052495128,-0.409145370099613,2.81177915327973,-0.90174091331792,1.00015115686729
1.09425853980254,"cleveland-guardians",2016,0.272972465605117,-0.66398061223642,-0.413468531204136,-0.551763766129225,-0.37318534971551,0.768418798101438,-2.10984694082044
1.64073723982283,"cleveland-guardians",2017,0.0620924492578144,0.479005224133536,-0.401469695216699,-0.153735227133418,0.511243756813335,-0.492368874127377,-1.48161006533206
-1.79427173173329,"kansas-city-royals",2018,-1.20318764882598,-0.1980480054529,-0.484572744463024,-0.170740016175148,1.45332240216879,1.19642867003279,-0.0871996315511261
0.313574682630691,"arizona-diamondbacks",2019,-0.359667583436783,-0.585609219042176,-0.383693641901977,-0.357161846173708,-0.862665693284263,0.497680949653581,-0.237786994565331
-0.232904017389601,"houston-astros",2020,-0.0433475589158331,-0.661472055067315,-1.3053820062703,1.66814667432762,-1.36130577752201,-1.08500047388811,0.552895421527375
1.09425853980254,"houston-astros",2021,0.905612514647013,1.12166381217024,1.31214184432249,1.2567840079373,-0.952400493759717,-0.849082234705001,1.33119037763812
0.703916611216614,"seattle-mariners",2021,-0.465107591610434,-0.753139848524005,-1.32760207291371,-0.924737720757013,-0.694521795277776,-0.614034429571003,1.57277828015357
0.703916611216614,"seattle-mariners",2022,-0.148787567089484,-0.130712544784119,-0.0308389836047484,-0.680039574320277,-0.846948406774849,-0.269258849372758,-0.205921002633416
-0.701314331692708,"los-angeles-angels",2019,-0.675987607957733,0.442377235285917,-1.33204608624239,0.451868653715764,-1.1938113473914,0.580112590772003,0.0670317703206443
1.56266885410564,"minnesota-twins",2019,-0.570547599784082,0.0615022530282298,-0.404136103213907,-0.240021602389409,0.372349004863369,0.0633232441208867,-1.34116579105579
0.781984996933799,"st-louis-cardinals",2019,-0.570547599784082,0.879472658314136,-1.31915844758921,0.718468544801215,-0.332109336753185,-0.102398749761088,-1.14520009163701
0.001301139761953,"kansas-city-royals",2016,0.483852481952415,0.276162969332301,1.33969472696031,0.152016344328383,1.84173446419408,-0.237059835145552,-2.12569334658033
-0.0767672459552316,"kansas-city-royals",2017,0.483852481952415,0.679412167813109,1.38946767624153,0.161812885621403,1.11865869897813,0.112477409845678,-1.13339864730039
-1.71620334601611,"kansas-city-royals",2019,-1.73038768969423,-0.510827946128286,-1.41603793815445,-0.644769231972084,1.44915325500145,0.30938160570057,1.26310457449656
-0.857451103127078,"kansas-city-royals",2020,-0.992307632478683,-1.41425533483669,-0.527679673751224,-1.02437432136204,1.38106540240022,-1.01125780658616,1.76624826348701
-0.545177560258339,"kansas-city-royals",2021,-0.465107591610434,-0.846921116937763,-0.497460383116197,-0.771133357347253,-0.301649986348527,0.220303422261697,0.102702176351097
-1.247793031713,"kansas-city-royals",2022,-1.51950767334693,-0.633840082763675,-0.527679673751224,-1.13897347206929,-0.13978672272989,0.206651134008594,0.495780563818315
-0.232904017389601,"boston-red-sox",2023,0.483852481952415,0.729171205692178,-0.479684329801475,0.339273902533488,-0.0915836217566392,0.263035472001358,-0.328517269231423
0.781984996933799,"cleveland-guardians",2018,1.85457258820986,0.643777037379008,-0.466796691148302,0.0893015326745178,0.0522743735132861,-0.782978626840003,-1.01484335412531
-1.09165626027863,"miami-marlins",2021,-0.78142761613138,-1.60234444628212,-1.29916038761015,-1.43186701709324,-0.288613405698679,0.353933968639024,0.373683439968223
0.781984996933799,"toronto-blue-jays",2021,0.378412473778764,0.350296418403633,-0.437910604511879,0.385720218184156,-0.849334869628819,0.619614480467012,0.233820894254626
0.860053382650984,"toronto-blue-jays",2022,0.694732498299714,1.0131213059927,0.432671606576623,0.528790469437818,-1.34350683817252,-0.616972379845905,0.0914012765966152
0.62584822549943,"toronto-blue-jays",2023,1.85457258820986,2.10891305130414,1.27214572436436,0.965752195304476,-1.13399953454477,-0.506405632935981,-1.09123047923136
-1.40392980314737,"miami-marlins",2018,-1.41406766517328,-1.04472128573494,-1.41559353682158,-0.927146032714927,2.19285400148946,0.783930939890085,0.194362896921066
1.48460046838846,"tampa-bay-rays",2021,0.272972465605117,-1.01853677298974,-0.465463487149698,-1.18133910247687,0.464822997895213,-0.72251549963964,0.595741192761855
-1.40392980314737,"chicago-white-sox",2013,-0.992307632478683,-0.212415350131593,-0.445909828503504,0.0213373196694439,0.642091804270459,0.64076230463058,0.0500832606538719
-0.623245945975524,"chicago-white-sox",2014,-0.992307632478683,-0.684386969398555,-1.29649397961294,-0.601879167882608,-0.739014407469245,0.625483456902546,0.564686572338021
0.547779839782245,"san-francisco-giants",2014,1.01105252282066,1.24386448440592,0.505553425166983,0.80187326763884,1.72313620300665,-0.644563092337414,-0.691809992158174
-1.01358787456145,"cincinnati-reds",2017,-2.25758773056248,-0.595472609814154,-1.79200146576081,-0.861602433034308,-0.577266445952717,-0.164639552193425,2.08001908821529
-1.09165626027863,"cincinnati-reds",2018,-1.20318764882598,-0.221140621245864,-1.33826770490254,-0.756412839727619,-0.656230434755303,-0.17438913025005,2.45411542381077
-0.38904078882397,"chicago-white-sox",2015,-0.570547599784082,0.0261651553579459,-0.501015593779142,-0.192569622359219,-0.638510331376493,-0.550370660918401,-0.918807123554516
-0.232904017389601,"chicago-white-sox",2016,-0.886867624305032,-0.0915223002979789,-0.429022577854518,-0.0825699516821137,-0.244959263137518,0.659205290366326,-0.00726029943963585
0.0793695254791376,"san-diego-padres",2023,1.53825256368891,1.49187510036003,1.27658973769304,1.78411587952473,0.14821590220627,-0.102809216114022,-1.29834715122063
0.0793695254791376,"pittsburgh-pirates",2018,-1.20318764882598,-0.532710322757418,-1.32760207291371,-0.93978541020058,-0.774411810909725,-0.037751635406502,-0.747480456702796
-0.935519488844262,"pittsburgh-pirates",2019,-1.09774764065233,-1.36514731266724,-1.32404686225076,-1.28888229379764,0.758441438975026,0.117799745680975,0.208996167578889
-2.34075043175358,"pittsburgh-pirates",2020,-0.465107591610434,-1.67672498341551,-0.513458831099447,-1.48769491830182,0.225130152581497,-0.952135953205252,-0.413956141435973
-1.56006657458174,"pittsburgh-pirates",2021,-1.09774764065233,-1.5711847724318,-1.33115728357665,-1.50698118599447,1.09229115173699,0.113940402305449,-0.7768147087233
0.938121768368168,"baltimore-orioles",2012,-0.886867624305032,-0.271457756037828,-0.397025681888019,-0.479494775659827,0.0644825702670413,-0.928127558780637,-0.344856813628971
0.313574682630691,"baltimore-orioles",2013,-0.254227575263132,0.126308086032914,0.421561573254922,-0.202875952411018,0.512330326133061,-1.02596274242179,-0.627403352776103
1.17232692551972,"baltimore-orioles",2014,0.167532457431466,0.32041322017418,0.90195941408528,-0.122385896630635,-0.60845385823748,-0.961524930679253,-0.488998588673973
0.001301139761953,"baltimore-orioles",2015,-0.359667583436783,0.0327904700109448,-0.395248076556546,-0.19980206314676,0.111749367651537,0.252846759329208,-0.874485868652663
0.62584822549943,"baltimore-orioles",2016,0.694732498299714,1.0701336635849,0.48111135185924,0.323168571550566,-0.902858421761831,-0.931748384640926,-0.467105297624699
-0.467109174541155,"baltimore-orioles",2017,0.0620924492578144,1.47055574404658,0.385120663959743,0.696678983925676,0.261554854460558,-0.658792815277902,-0.994185768927037
-2.65302397462232,"baltimore-orioles",2018,-1.73038768969423,-0.489702062854992,-1.26894109697512,-0.161476723577309,0.603617647844074,1.54500771478965,0.123237979720256
0.703916611216614,"tampa-bay-rays",2018,-1.41406766517328,-1.40697787793275,-1.41648233948732,-1.37877137348887,0.000984697935774673,1.08297754362679,-0.860658804944467
1.17232692551972,"tampa-bay-rays",2019,-0.570547599784082,-0.808734662488287,-1.41648233948732,-1.44691925928073,-0.616097921670598,-0.548418789548484,0.582097624108195
1.48460046838846,"los-angeles-dodgers",2023,2.27633262090446,1.18066624672162,2.18850127273827,1.47254948120901,-0.592059593599812,1.01365768468352,-1.00968084187795
-0.467109174541155,"new-york-mets",2023,0.589292490126063,0.230441956216234,0.489554977183733,3.5143043820869,-0.811958832901787,8.50900870915037,-0.499286179479301
1.32846369695409,"washington-nationals",2012,-0.675987607957733,0.0524064541302444,0.470445719870408,-0.180875262646566,0.247651913779142,-1.07462857587704,-0.198108464667238
0.391643068347876,"washington-nationals",2013,-1.09774764065233,0.284763444702966,0.370011018642229,0.116314572847274,0.0920531580126668,-0.660569883131432,-0.194658525712004
1.7968740112572,"los-angeles-dodgers",2017,0.694732498299714,1.9062031442457,0.480666950526372,2.357930308238,-1.31500461711475,1.41998955180692,-1.04179715798656
0.781984996933799,"los-angeles-dodgers",2018,1.01105252282066,1.40590416375474,0.386009466625479,1.20530359778363,-0.424518090396757,0.754850813976461,-0.276683486360102
-1.01358787456145,"milwaukee-brewers",2015,-1.41406766517328,-0.716372043381894,-1.32404686225076,-0.683898703889668,-0.124092633726435,0.935168051146949,-0.0442178065133039
0.391643068347876,"seattle-mariners",2016,0.800172506473365,0.817612292752434,-0.418356945865685,0.259100576642804,-0.617463019756753,-0.496961566237045,0.551726965667974
-0.467109174541155,"seattle-mariners",2012,-1.20318764882598,-0.418075710621429,-0.375250016577484,-0.452665202768055,-0.372804116726286,-0.418792567781435,1.09221370565495
-0.779382717409893,"chicago-cubs",2021,0.167532457431466,-1.24693805976306,-0.868091094728147,0.265122240475992,-0.63296536426722,3.24223135937542,-0.209374232385766
-2.41881881747077,"oakland-athletics",2023,-1.83582769786788,-1.29166575550433,-2.16840939470005,-2.04545433465477,1.19982281994005,-0.116654650712543,-1.34930452586685
-1.32586141743019,"colorado-rockies",2012,-0.675987607957733,-0.348673338703323,0.426005586583603,-0.394518897072717,1.14111129179948,-0.442125314424156,-0.695648223166561
-0.545177560258339,"colorado-rockies",2013,0.0620924492578144,-0.403583591061007,0.414006750596165,-0.626012023817872,1.72062072913047,-1.01152559974244,0.0882855883975507
-1.16972464599582,"colorado-rockies",2014,-0.0433475589158331,0.0697841675488694,0.402007914608728,-0.45417062761843,1.50590403468236,-1.08785545626747,0.0775949077656577
-1.01358787456145,"colorado-rockies",2015,-0.78142761613138,-0.379287224147718,-0.425467367191573,-0.425214757985999,1.39800606637786,0.464778348236024,0.17004419665175
-0.467109174541155,"colorado-rockies",2016,-0.465107591610434,-0.0992500608003314,-1.3347124942396,-0.513606634376274,1.92667178775494,-0.0852335667973207,0.409132294960811
0.469711454065061,"colorado-rockies",2017,-0.465107591610434,0.252273450729242,0.0322660056625139,-0.0106634115326965,1.71569331595634,0.941723668914227,0.0681939778714415
0.703916611216614,"colorado-rockies",2018,0.483852481952415,0.794871741982721,-0.445465427170635,0.106371180533051,1.71049638525967,-0.830363134728291,-0.056782258810129
0.860053382650984,"boston-red-sox",2021,1.32737254734161,1.008488237934,1.34680514828619,1.11606671578543,-1.30987154169794,1.4128125858907,-0.261920736459716
1.56266885410564,"new-york-mets",2022,2.48721263725176,2.87792426304562,1.34013912829317,2.33246996122616,-1.15389390760844,0.60843130706734,0.383147272018652
0.547779839782245,"st-louis-cardinals",2012,0.167532457431466,0.529277380720349,-0.495682777784725,0.252137437377002,-0.898497995669044,-1.01055506972564,-0.486289808152456
-1.09165626027863,"texas-rangers",2014,-0.992307632478683,0.776014107926244,-0.413024129871268,0.3927151871371,-0.486320058162384,-0.564526951804924,0.0344616446206563
0.547779839782245,"texas-rangers",2015,-0.254227575263132,0.661412228074059,-0.396136879222282,0.47651221659918,-0.947661038333752,-0.227444669938741,-0.368220165943913
-1.01358787456145,"san-diego-padres",2016,-0.675987607957733,-1.49376733025191,-0.517902844428127,-0.997073281274221,0.530541975179667,1.82627465079007,-0.0609055600073365
-0.467109174541155,"oakland-athletics",2017,-0.675987607957733,-1.28066278474331,-1.37737502219493,-1.31527473015979,1.29352103906809,1.28007154524565,-0.862680671940595
1.01619015408535,"atlanta-braves",2012,0.589292490126063,-0.13808287876103,1.78098525049828,-0.183173430081188,-1.62213195988804,-0.405620958829475,0.0626353943932057
1.25039531123691,"st-louis-cardinals",2013,-0.0433475589158331,0.451000533549178,-0.459241868489545,0.187620027626593,-0.0927109883590112,-0.771807236582159,-0.282517615932129
1.48460046838846,"st-louis-cardinals",2015,0.589292490126063,0.744837014409277,0.477556141196296,0.0703091316923573,0.0735879512428756,-1.10018493500584,0.00315434907992091
0.391643068347876,"st-louis-cardinals",2016,0.0620924492578144,0.82777553127146,-0.381916036570505,0.305523487685536,0.449386770224079,-0.919855428790767,-0.643747448102599
0.157437911196322,"st-louis-cardinals",2017,-0.886867624305032,0.309807793326591,0.38112105196393,0.103090847516968,0.188553265365599,0.708109762812498,-0.571942352951081
0.547779839782245,"st-louis-cardinals",2018,-1.09774764065233,0.430376399261082,-1.3791526275264,0.492994127084675,-0.053196655433009,0.169709648147256,-0.611045655107956
0.235506296913507,"st-louis-cardinals",2020,0.167532457431466,-0.862715059298665,-0.470796303144114,0.671559861514326,-1.04867545228618,-0.371330801354981,-0.202205038741519
0.703916611216614,"st-louis-cardinals",2021,1.74913258003621,0.477883710529309,0.364678202647812,0.411996130780401,-1.20088350830383,0.0999419690767062,1.64985762022106
0.938121768368168,"st-louis-cardinals",2022,1.01105252282066,0.868104709028479,0.428227593247943,0.12201435926564,-1.45950445041318,-0.518935121396195,1.39052610573633
-0.779382717409893,"st-louis-cardinals",2023,-0.0433475589158331,-0.191985460773071,-0.905865208021931,-0.236414401856082,-1.15616158334708,0.148598205952525,1.70388608618877
0.235506296913507,"new-york-yankees",2014,1.74913258003621,2.16177487603484,2.24805105134259,1.83287088095026,-1.66107455146777,-0.148845161641522,-0.881562773615382
0.469711454065061,"new-york-yankees",2015,-0.254227575263132,1.93753008861963,0.36290059731634,1.83022343598584,-1.35656583031681,-0.496477424878767,-1.03806035485363
0.62584822549943,"seattle-mariners",2018,1.64369257186256,0.91225098427923,1.30947543632528,0.442793722993833,0.645696417215924,-0.531597322046578,0.520652704668035
0.547779839782245,"detroit-tigers",2012,-0.675987607957733,0.942346806751215,0.881961354106218,0.72291410098549,-0.483270343037639,-0.766126790415862,0.686528758361329
1.01619015408535,"chicago-cubs",2018,1.01105252282066,1.23046331580105,0.432227205243755,1.10013774237312,0.92030507772257,-1.02627341649626,0.289791036852576
0.860053382650984,"chicago-cubs",2020,1.01105252282066,-0.563166805345661,1.3161414563183,1.36759588101729,-0.330445623605694,-0.343120319898491,-0.932894851082476
-0.545177560258339,"chicago-cubs",2022,0.0620924492578144,-0.206178379304608,-1.27916232763109,0.015831329174642,-0.899817116835842,0.128265848088823,0.353210295609299
0.157437911196322,"chicago-cubs",2023,0.694732498299714,0.858248807670068,-0.381916036570505,0.457490364396076,-0.968293217699095,1.05013428308328,-0.637851943851727
0.703916611216614,"new-york-mets",2015,0.378412473778764,0.195449371570006,-0.403247300548171,-0.255338998438268,0.026268101437622,-1.00426773101739,0.178145238344619
0.469711454065061,"new-york-mets",2016,0.272972465605117,0.181222114390195,0.00071351102888272,0.273564252847313,0.126256294877932,-0.728613700700208,0.469948285256297
0.938121768368168,"boston-red-sox",2017,0.272972465605117,1.64906914999324,0.407340730603145,1.37992256364065,-0.351885703532756,0.758239682008715,-0.551676824150914
1.25039531123691,"chicago-cubs",2015,0.483852481952415,0.282487706072583,1.2534808683839,0.0864108867425994,0.131919534135154,0.336666989047924,-0.568426095438611
0.860053382650984,"chicago-cubs",2017,0.589292490126063,1.41894780152479,0.881072551440482,0.633383769875099,-0.0621666426856944,-0.447350287494765,0.160753417909494
0.235506296913507,"chicago-cubs",2019,0.905612514647013,2.18135303757253,0.47666733853056,1.66335895032392,1.04661084436744,-0.597565484518406,-0.939174276488016
-0.0767672459552316,"tampa-bay-rays",2017,-0.0433475589158331,-0.627792934148503,0.00515752435756309,-1.22963166908157,1.10770782203723,-0.614376019208307,-0.881866625314163
0.391643068347876,"new-york-mets",2019,0.272972465605117,0.237388272558778,-0.0103965222928186,0.186399163103774,-0.894229820181724,0.431682236045984,0.881781585375203
0.157437911196322,"baltimore-orioles",2022,-0.78142761613138,-1.41075058135387,-1.34360052089696,-2.08203412506531,1.41297192987123,-0.294894653602126,-0.30327889822136
0.703916611216614,"texas-rangers",2023,1.43281255551526,1.16235410900479,1.36724760959812,1.69098748696116,-1.32198565826263,-0.796867367521632,0.509678438355021
0.938121768368168,"texas-rangers",2012,-0.465107591610434,0.875184437069511,0.436671218572436,0.614838145093786,-0.446826744033948,-0.902786940475398,-0.692735409799917
-1.09165626027863,"texas-rangers",2018,-0.359667583436783,0.0652453117232223,-0.466796691148302,0.0403025273597829,-0.597584128936829,1.14324333357046,0.0794001074174119
-1.56006657458174,"chicago-cubs",2012,-1.62494768152058,-0.194269126916421,-0.499237988447669,0.180679928064186,0.0697498931563822,0.876355717821461,-0.0115315772506524
1.25039531123691,"boston-red-sox",2013,1.11649253099431,1.54184638696786,1.29569899500637,1.26537200912758,0.703801223898157,-0.775789999257649,-1.66141020901769
-0.232904017389601,"boston-red-sox",2015,-0.675987607957733,0.0400322739684049,-0.42635616985731,1.08405595563666,-0.474902361216378,1.65994175566841,-1.25029091402166
0.62584822549943,"milwaukee-brewers",2019,0.378412473778764,0.293699149562766,0.38556506529261,-0.0299113635906662,0.508528296464791,0.129678549613372,-0.293153343397655
-0.232904017389601,"milwaukee-brewers",2020,0.0620924492578144,-1.34865159765185,-0.425467367191573,-1.07182713263686,-0.467713807030274,-0.827779468300187,0.594092618629446
1.48460046838846,"san-diego-padres",2020,0.589292490126063,-0.809807296716509,0.00826833368763926,0.56343788417902,-0.577236331609778,-0.221234529030814,0.768915688087851
0.62584822549943,"san-diego-padres",2022,1.43281255551526,1.68610911917264,0.478444943862032,1.46735352915055,0.0732925680420764,0.996992495655438,-0.700699572737537
-0.232904017389601,"texas-rangers",2019,-1.51950767334693,-0.150355440723755,0.391342282619895,0.220049829255623,0.13811994017156,0.798018536274511,-0.354100893637748
-0.310972403106785,"detroit-tigers",2021,-0.359667583436783,-0.661391841153212,-0.900532392027515,-0.874807082551982,0.217322600943185,-0.592856783125799,1.16999141173408
-1.16972464599582,"detroit-tigers",2022,-0.359667583436783,0.263930566481318,-0.476129119138531,-0.275970094124882,-0.526229583044028,-0.181035308143434,1.14365914784077
-0.232904017389601,"detroit-tigers",2023,-0.359667583436783,-0.221511211615207,-1.32893527691231,-0.874638635637405,-1.28181974245516,-0.188794021133992,2.07679269985442
0.938121768368168,"detroit-tigers",2013,0.589292490126063,1.16037444212186,1.30680902832807,0.876070946529238,-1.05335743124521,-0.747560932020751,0.263647005396168
0.703916611216614,"detroit-tigers",2014,-0.0433475589158331,1.15740152044976,1.31125304165675,1.03516827584491,-0.675866776752207,-0.65951687112184,-0.679173235633437
0.0793695254791376,"cincinnati-reds",2023,-0.0433475589158331,-1.00753851701275,-1.38004143019214,-1.36501855700385,-0.948761918116859,1.26230159556449,2.12666651076329
-1.01358787456145,"colorado-rockies",2022,-0.148787567089484,-0.545569291199081,0.404674322605936,-0.202370759868547,0.202867755242744,-0.624370431515995,-0.373521010348871
-1.71620334601611,"colorado-rockies",2023,0.272972465605117,-0.374048953059598,-0.380138431239033,0.104124105661164,-0.177952015677707,1.79173753323996,-0.555512440657366
-1.48199818886455,"cincinnati-reds",2022,0.0620924492578144,-1.47212901671279,-1.33204608624239,-0.688370186738636,-1.07373722237695,0.730968936481879,0.619164869211811
0.62584822549943,"los-angeles-angels",2012,0.589292490126063,1.26700775283437,2.16805881142634,0.987430479398813,-1.39377280494886,-0.898296287944441,-0.369600380494275
-0.232904017389601,"los-angeles-angels",2013,-0.148787567089484,0.507266182005499,1.2952545936735,0.609499846016275,-0.517188376172841,0.348119352574291,-0.512214043557099
1.32846369695409,"los-angeles-angels",2014,0.800172506473365,0.817409536177358,1.2841445603518,0.898856178406019,0.0578098770501303,0.846540663989738,-0.430294278193015
0.313574682630691,"los-angeles-angels",2015,0.167532457431466,0.279560763975693,0.423339178586394,0.29101467661052,-0.879904868010481,-0.125723843435405,0.395470761087021
-0.0767672459552316,"los-angeles-angels",2018,-0.359667583436783,-0.0249809052241251,-0.437021801846142,0.694217662668217,-1.3219863180339,0.365260118924581,0.855738949241741
-0.857451103127078,"los-angeles-angels",2020,0.167532457431466,-0.757082075551361,-0.457464263158073,0.399250011473296,-1.66957136434963,-0.83559327051568,2.42188075409723
0.469711454065061,"san-francisco-giants",2016,1.43281255551526,1.74348970974218,0.437115619905304,0.888023242370616,0.56872517745136,-1.0344079752684,-0.683902421190616
-1.247793031713,"washington-nationals",2021,0.589292490126063,-0.89779878948214,-0.887200352041473,-0.213066167732506,-0.0985524023512784,0.872805530074292,2.16392923493428
-1.16972464599582,"chicago-cubs",2013,-1.09774764065233,-0.781366613780827,-0.418356945865685,-0.149088167899329,1.59850046315325,1.3843166365652,-0.473124108052778
-1.95040850316766,"kansas-city-royals",2023,-1.20318764882598,-0.81089121721977,-1.3791526275264,-1.37675770051457,1.55784891209923,0.276108564169586,0.534567526314138
1.95301078269157,"houston-astros",2022,1.22193253916796,1.09114297069383,2.1645036007634,0.662721288153218,0.249409475316662,-0.207857747640231,-0.135608827598704
0.235506296913507,"arizona-diamondbacks",2023,-0.254227575263132,-0.685261061150699,-0.498349185781933,-0.918839436152524,0.307043971263656,1.2808921742623,-0.67464590838886
-1.32586141743019,"detroit-tigers",2017,-0.78142761613138,-0.0412273625423234,-0.494793975118989,0.965084717728127,-0.753086543576914,3.62976960118694,-0.237504304643569
1.25039531123691,"minnesota-twins",2020,1.74913258003621,-0.919048425405228,0.493110187846678,0.160218091435271,-1.15561882411618,-0.65599085703677,-0.539979203308882
-0.467109174541155,"cincinnati-reds",2019,-0.675987607957733,-0.175891065670711,0.0464868483142914,-0.172134222866154,-1.02204379168995,1.51604857866221,0.199490733516592
1.71880562554001,"houston-astros",2018,0.272972465605117,1.36872650619222,-0.0210621542816513,0.496746682794087,0.144117555721997,-0.855577600530564,-0.442164356546174
0.703916611216614,"houston-astros",2023,1.85457258820986,2.4650160158705,0.446448047895533,1.40989890329181,0.034584655359358,-0.928296835153178,0.518015311994368
-1.16972464599582,"minnesota-twins",2012,-0.254227575263132,0.309339506790865,-0.476129119138531,0.0146545766040192,-0.495116563567271,-1.10018493500584,0.4849798915112
-0.779382717409893,"washington-nationals",2023,-0.992307632478683,-0.900450938945334,-1.3373789022368,-1.43021272370798,-1.02063608574475,-0.620231086677458,3.81940147914077
0.703916611216614,"tampa-bay-rays",2012,0.800172506473365,-0.527125181253227,0.51310824782574,-0.737918974085546,0.426695249726143,-0.978101867619319,-0.9954617884472
0.781984996933799,"tampa-bay-rays",2013,1.32737254734161,-0.481536599327466,1.26947931636715,-0.752804855374077,1.57501467762971,-0.963524784946302,-0.288657300212486
-0.310972403106785,"tampa-bay-rays",2014,0.167532457431466,-0.613481415850601,-0.414801735202741,-0.848412148503934,2.05028938333202,-0.303526776796175,-0.501525934128527
-0.0767672459552316,"tampa-bay-rays",2015,-0.78142761613138,-0.855724494916638,-0.429911380520254,-1.09430408605008,1.36188814015687,-0.361333534368603,-0.258668073900475
-1.01358787456145,"tampa-bay-rays",2016,-0.465107591610434,-1.18673880023427,-0.444132223172032,-1.38293038278949,0.645556191212665,0.125343689653484,-0.143463855667591
-1.01358787456145,"baltimore-orioles",2020,-0.886867624305032,-1.72859937382051,-1.33115728357665,-1.48717326948703,-0.94563103842109,-1.02337616057715,3.02966683846426
-2.2626820460364,"baltimore-orioles",2021,-1.09774764065233,-1.65378009056813,-1.37426421286485,-1.7428136968541,-0.368859131596151,0.056604909668271,1.10662905988279
0.001301139761953,"san-francisco-giants",2022,0.483852481952415,-1.04028425672717,-0.481461935132947,0.241063890274133,-1.07331560122132,0.0934110108742833,-0.323923492898872
-0.623245945975524,"minnesota-twins",2021,0.694732498299714,-0.170414364199161,-0.460575072488149,-0.181837683862872,-0.524145761506151,0.110576558265117,-0.381229747745115
-0.779382717409893,"san-diego-padres",2017,-1.41406766517328,-1.443247584918,-1.30138239427449,-1.24720887675134,-0.54680541907154,1.49902934873871,0.226773962399014
-0.232904017389601,"san-francisco-giants",2020,1.22193253916796,-1.09627724046117,-0.417912544532817,-0.27845054323009,-1.36689521326028,-0.250060527803172,0.49307895379441
0.157437911196322,"milwaukee-brewers",2012,-0.148787567089484,0.365928848118766,0.847742451475379,0.116543721038213,-0.518038247406895,-0.951758892666776,-1.128245256537
-0.545177560258339,"milwaukee-brewers",2013,-0.254227575263132,-0.489791706337151,-0.436132999180407,-0.444144190541255,-0.2418889384151,-0.625284657550971,-0.453523139135307
0.469711454065061,"minnesota-twins",2023,1.01105252282066,-0.31593235549668,0.376232637302382,-0.190738524164733,-1.50540705965126,-0.892354243882008,0.0483589841165961
-1.71620334601611,"minnesota-twins",2016,-0.992307632478683,-0.666455081099767,-0.918752846675104,-0.724207063793923,1.34901089237286,-0.555014555030958,0.966494045490039
-0.857451103127078,"houston-astros",2014,-1.94126770604153,-1.00604441029906,-0.468129895146906,-1.34521365194679,2.41603783069436,-0.732624402784155,1.22102248909215
-1.247793031713,"boston-red-sox",2020,-0.254227575263132,-1.18997141054167,-0.434355393848934,0.676996418712207,-1.83825815244054,-0.155528996998478,0.455486457044746
-0.232904017389601,"boston-red-sox",2022,1.01105252282066,0.347509417772491,0.489110575850865,1.21640796351144,-1.33763816834622,1.85753672302847,-0.758937702022832
-2.34075043175358,"houston-astros",2013,-3.52286782864627,-1.69050199958254,-1.32049165158782,-1.49426168825151,2.76868107840502,0.230761082109164,0.178290943961733
0.469711454065061,"detroit-tigers",2016,0.378412473778764,1.45841625999232,0.393119887951367,1.30980297548256,-0.932841017973845,-0.573280246998693,-0.0161102145782604
-1.32586141743019,"detroit-tigers",2018,-0.359667583436783,-0.543744148233381,-1.28982795961992,-0.149981400844863,-1.3598972902329,0.384087575215827,1.95235731290271
1.17232692551972,"atlanta-braves",2013,-0.148787567089484,0.0269131996539109,0.361122991984868,-0.311219382008431,0.116571253557185,-1.08785685323789,0.136398082801034
-1.01358787456145,"arizona-diamondbacks",2020,0.272972465605117,-1.51932515223517,-0.493460771120385,-0.725305857211535,-1.23829865894126,1.33032773842052,-0.625256777810129
-2.2626820460364,"arizona-diamondbacks",2021,-0.359667583436783,-0.811144125745302,-1.32760207291371,-0.770394643028827,-0.753324954002913,0.470994502190555,0.209816993797194
-0.38904078882397,"san-diego-padres",2013,-0.359667583436783,-0.602712786545268,0.471334522536144,-0.73925652967707,2.48556003544766,-0.561124357019819,-0.614567996571655
-0.38904078882397,"pittsburgh-pirates",2023,-2.36302773873613,-1.29688823415215,-2.17996382935462,-1.77962570289316,-0.621182851574896,-0.0189727693908321,-0.965868831124522
-0.623245945975524,"chicago-cubs",2014,-1.30862765699963,-0.824191310034309,-0.423689761860101,-0.597088531229364,0.700961135022591,1.00638778986526,-0.169526064138425
1.25039531123691,"cincinnati-reds",2012,-0.0433475589158331,-0.0836567053793773,0.459335686548706,-0.341779607116185,0.829179281074079,-1.10018493500584,-0.414098563738002
0.703916611216614,"cincinnati-reds",2013,0.483852481952415,0.100534865177579,1.33969472696031,-0.136209652796471,0.157291833443132,-1.10018493500584,-0.477534302457938
-0.38904078882397,"cincinnati-reds",2014,0.0620924492578144,0.138072348381304,0.493998990512414,-0.126567643303995,0.415789483556372,-0.681658001993885,-1.23303920560494
2.10914755412594,"boston-red-sox",2018,0.800172506473365,1.56139156587923,0.493998990512414,1.75496868267304,-0.831382582903112,1.43597599542304,-0.685552946765034
-0.857451103127078,"new-york-mets",2020,1.53825256368891,-0.975316076601668,1.32280747631132,0.996570844617256,-0.337311176968907,0.0185326673564182,-0.805303678799656
0.235506296913507,"cincinnati-reds",2020,0.589292490126063,-0.8607025975463,-0.00106409430258927,0.222449358475174,-1.10184332518022,-0.983438416110222,0.00812163579323006
0.157437911196322,"cincinnati-reds",2021,0.167532457431466,-0.162432422596827,-0.413024129871268,-0.0796873099377307,-1.05126271782502,-0.843481962493406,0.339576449019306
-1.71620334601611,"texas-rangers",2020,-0.78142761613138,-1.29830967895093,0.425116783917867,0.150378651464696,-0.618506607844685,-0.16856844040087,-0.274230091076342
-0.623245945975524,"seattle-mariners",2020,-1.09774764065233,-1.40288586263407,-1.41648233948732,-0.586931686888535,-1.58217708198395,0.764996038351969,0.737911583237033
-0.545177560258339,"new-york-mets",2012,-0.570547599784082,0.165603995922157,0.45400287055429,-0.0436644330059091,0.786379535564655,-0.860967476848912,1.91930771490042
-0.38904078882397,"san-francisco-giants",2013,0.589292490126063,0.933974810649016,0.424227981252131,0.584553457159776,1.25314704867587,-0.969114063608048,0.71591624812802
-0.232904017389601,"seattle-mariners",2017,0.483852481952415,0.557209388527924,0.425561185250735,0.410188541922748,-0.303385334814204,-0.484456433652464,0.219458467547198
0.235506296913507,"boston-red-sox",2019,0.272972465605117,1.51759082588447,1.27747854035878,1.81327533427059,-1.31261666613376,0.472184235088051,-0.751402741362811
0.391643068347876,"oakland-athletics",2021,2.27633262090446,-0.87414006581581,0.455336074552894,-0.794745717144496,0.911998827214328,-0.94833358192784,-0.4271710988132
0.391643068347876,"tampa-bay-rays",2022,0.0620924492578144,-0.881258012814095,-0.479239928468607,-1.02578004625806,0.0429091418966768,-0.404431347407668,-0.656230400014142
0.547779839782245,"pittsburgh-pirates",2014,-0.148787567089484,-0.50544334984029,0.445114843896929,-0.845387478537982,2.73315947969909,-0.655524997769678,-0.904422802833216
-0.935519488844262,"oakland-athletics",2016,-1.20318764882598,-1.35658887397718,-1.31160362493046,-1.00352045277505,0.677014859563671,1.03162819072713,-0.369338685279098
-0.935519488844262,"miami-marlins",2022,-0.254227575263132,-0.913114848844251,-1.31960284892208,-1.32984269660691,-0.0200800549540086,-0.451832315251807,-0.179529169512803
0.235506296913507,"san-francisco-giants",2015,1.64369257186256,0.8344303863412,0.869518116785913,1.14199578728125,0.864600195837887,-0.351767809767191,-1.04251474419921
1.25039531123691,"oakland-athletics",2018,1.11649253099431,-0.658940487248728,-0.445909828503504,-1.15142818875949,3.33688737033597,-0.485601099069362,-1.00812623942196
-1.01358787456145,"seattle-mariners",2019,-0.992307632478683,-0.17539962245237,-1.30182679560736,0.138095044043099,-1.08890796271315,2.01160166684821,0.409614036117368
0.001301139761953,"philadelphia-phillies",2012,1.53825256368891,1.56282431781493,2.18716806873967,1.40582974086448,-0.617802849179271,-0.473489851406175,-0.581275823034474
-0.623245945975524,"philadelphia-phillies",2013,1.01105252282066,1.27572949829156,0.87485093278033,1.04411011653032,-0.519142408425076,-0.595603652141996,0.11134174260783
-0.467109174541155,"colorado-rockies",2021,-0.148787567089484,-0.275712723451742,0.455336074552894,-0.280815858368248,-1.03617337734821,0.0885734845135536,0.919358214985022
-0.779382717409893,"colorado-rockies",2019,-0.570547599784082,0.571512562075334,-0.50590400844069,0.389043712029413,1.37156701549138,-0.0149065529170384,0.3016910506002
0.0793695254791376,"milwaukee-brewers",2014,0.483852481952415,0.314243758378674,-0.437910604511879,-0.216956050718261,-0.551041865967138,-1.06857143359933,-0.235631224025055
-2.02847688888485,"houston-astros",2012,-2.46846774690978,-1.44746009841379,-1.30893721693325,-1.04038589164003,0.0473310454779936,0.77167884116557,1.98772341078737
0.860053382650984,"cleveland-guardians",2013,0.272972465605117,-0.326635666267538,0.424227981252131,-0.34953540531484,0.23213291449595,-0.255074436864245,-1.48223274275437
0.313574682630691,"cleveland-guardians",2014,-0.148787567089484,-0.675734527094201,0.402007914608728,-0.69703177283825,-0.146358268149461,0.322048179475755,0.79043622180198
-0.38904078882397,"seattle-mariners",2015,-0.359667583436783,0.0576467070966072,0.386009466625479,-0.05088945648308,-1.24464619785927,0.47422022837256,1.36372312839656
-1.32586141743019,"detroit-tigers",2020,-1.20318764882598,-1.32420408644528,-0.911198024016348,-0.620147866349994,-1.49454745327319,-0.706104073325757,2.25618112242678
-2.65302397462232,"detroit-tigers",2019,-1.09774764065233,-0.425619406789807,-1.34360052089696,-0.449970795775805,-0.704825123169345,0.488019259257905,1.9517518618872
0.235506296913507,"miami-marlins",2020,0.378412473778764,-1.57972232838376,-0.905865208021931,-0.657270039266495,-0.660243837223379,-0.350967710141976,-1.35609314681468
0.391643068347876,"houston-astros",2015,-0.254227575263132,-0.590247732050572,0.425116783917867,-0.932087231349919,0.918955323842702,-0.908819423188248,-0.898371762286788
-0.545177560258339,"arizona-diamondbacks",2022,-0.0433475589158331,-0.833113246055796,-0.48323954046442,-1.27037113536925,0.723254599048689,-0.521146343362003,0.840741880590038
